path,median,lower_b,upper_b
../../../../data/DIONE/work/Framework_Datasets/dataset/attacked-dataset/no-defence/preset_2/zhang-et-al-dists/koncept/1026198859.png,59.156890869140625,58.98771667480469,59.32331848144531
../../../../data/DIONE/work/Framework_Datasets/dataset/attacked-dataset/no-defence/preset_2/zhang-et-al-dists/koncept/10244314384.png,34.809303283691406,34.44986724853516,35.12458801269531
../../../../data/DIONE/work/Framework_Datasets/dataset/attacked-dataset/no-defence/preset_2/zhang-et-al-dists/koncept/10155925686.png,44.281394958496094,43.86589813232422,44.740989685058594
../../../../data/DIONE/work/Framework_Datasets/dataset/attacked-dataset/no-defence/preset_2/zhang-et-al-dists/koncept/10147970884.png,64.04148864746094,63.76551055908203,64.31842803955078
../../../../data/DIONE/work/Framework_Datasets/dataset/attacked-dataset/no-defence/preset_2/zhang-et-al-dists/koncept/10111411235.png,44.14057159423828,43.898529052734375,44.329383850097656
../../../../data/DIONE/work/Framework_Datasets/dataset/attacked-dataset/no-defence/preset_2/zhang-et-al-dists/koncept/10094235786.png,54.9989013671875,54.61064910888672,55.360870361328125
../../../../data/DIONE/work/Framework_Datasets/dataset/attacked-dataset/no-defence/preset_2/zhang-et-al-dists/koncept/10091520555.png,38.97428131103516,38.39750671386719,39.52949523925781
../../../../data/DIONE/work/Framework_Datasets/dataset/attacked-dataset/no-defence/preset_2/zhang-et-al-dists/koncept/10050349236.png,42.72093963623047,42.407264709472656,43.005889892578125
../../../../data/DIONE/work/Framework_Datasets/dataset/attacked-dataset/no-defence/preset_2/zhang-et-al-dists/koncept/10031298826.png,52.02742004394531,51.7451400756836,52.29476165771485
../../../../data/DIONE/work/Framework_Datasets/dataset/attacked-dataset/no-defence/preset_2/zhang-et-al-dists/koncept/10027582235.png,58.290924072265625,57.95471954345703,58.61089324951172
../../../../data/DIONE/work/Framework_Datasets/dataset/attacked-dataset/no-defence/preset_2/stadv/koncept/1026198859.png,54.72307586669922,54.52816009521485,54.91453552246094
../../../../data/DIONE/work/Framework_Datasets/dataset/attacked-dataset/no-defence/preset_2/stadv/koncept/10244314384.png,33.79322052001953,33.44164276123047,34.13737487792969
../../../../data/DIONE/work/Framework_Datasets/dataset/attacked-dataset/no-defence/preset_2/stadv/koncept/10155925686.png,40.36396789550781,40.08131408691406,40.65864562988281
../../../../data/DIONE/work/Framework_Datasets/dataset/attacked-dataset/no-defence/preset_2/stadv/koncept/10147970884.png,57.79652404785156,57.56007385253906,58.02909851074219
../../../../data/DIONE/work/Framework_Datasets/dataset/attacked-dataset/no-defence/preset_2/stadv/koncept/10111411235.png,37.72509765625,37.45903778076172,38.05845642089844
../../../../data/DIONE/work/Framework_Datasets/dataset/attacked-dataset/no-defence/preset_2/stadv/koncept/10094235786.png,47.84269714355469,47.481048583984375,48.165184020996094
../../../../data/DIONE/work/Framework_Datasets/dataset/attacked-dataset/no-defence/preset_2/stadv/koncept/10091520555.png,35.48085021972656,34.8037109375,36.158203125
../../../../data/DIONE/work/Framework_Datasets/dataset/attacked-dataset/no-defence/preset_2/stadv/koncept/10050349236.png,41.35211181640625,41.00843811035156,41.69610595703125
../../../../data/DIONE/work/Framework_Datasets/dataset/attacked-dataset/no-defence/preset_2/stadv/koncept/10031298826.png,48.26487731933594,47.971290588378906,48.531341552734375
../../../../data/DIONE/work/Framework_Datasets/dataset/attacked-dataset/no-defence/preset_2/stadv/koncept/10027582235.png,51.92925262451172,51.72446441650391,52.19556427001953
../../../../data/DIONE/work/Framework_Datasets/dataset/attacked-dataset/no-defence/preset_2/square-attack/koncept/3525647615.png,54.08208465576172,53.82169342041016,54.320045471191406
../../../../data/DIONE/work/Framework_Datasets/dataset/attacked-dataset/no-defence/preset_2/square-attack/koncept/3395475764.png,53.27727508544922,53.11254119873047,53.44768524169922
../../../../data/DIONE/work/Framework_Datasets/dataset/attacked-dataset/no-defence/preset_2/square-attack/koncept/3390605400.png,35.372901916503906,35.0177001953125,35.726959228515625
../../../../data/DIONE/work/Framework_Datasets/dataset/attacked-dataset/no-defence/preset_2/square-attack/koncept/3228786952.png,36.238380432128906,35.70347595214844,36.72179412841797
../../../../data/DIONE/work/Framework_Datasets/dataset/attacked-dataset/no-defence/preset_2/square-attack/koncept/2790138273.png,50.18450164794922,49.99788665771485,50.48665618896485
../../../../data/DIONE/work/Framework_Datasets/dataset/attacked-dataset/no-defence/preset_2/square-attack/koncept/2197636094.png,55.42145538330078,55.12571716308594,55.72872161865234
../../../../data/DIONE/work/Framework_Datasets/dataset/attacked-dataset/no-defence/preset_2/square-attack/koncept/1572804254.png,46.10382843017578,45.81732177734375,46.41706848144531
../../../../data/DIONE/work/Framework_Datasets/dataset/attacked-dataset/no-defence/preset_2/square-attack/koncept/1434258458.png,56.26001739501953,55.97523498535156,56.55189514160156
../../../../data/DIONE/work/Framework_Datasets/dataset/attacked-dataset/no-defence/preset_2/square-attack/koncept/11004139923.png,68.97413635253906,68.9642333984375,68.98420715332031
../../../../data/DIONE/work/Framework_Datasets/dataset/attacked-dataset/no-defence/preset_2/square-attack/koncept/10513907744.png,48.23210144042969,47.989837646484375,48.44569396972656
../../../../data/DIONE/work/Framework_Datasets/dataset/attacked-dataset/no-defence/preset_2/parsimonious/koncept/3525647615.png,54.063995361328125,53.77924346923828,54.342567443847656
../../../../data/DIONE/work/Framework_Datasets/dataset/attacked-dataset/no-defence/preset_2/parsimonious/koncept/3395475764.png,53.19654846191406,53.03556823730469,53.366119384765625
../../../../data/DIONE/work/Framework_Datasets/dataset/attacked-dataset/no-defence/preset_2/parsimonious/koncept/3390605400.png,36.31270599365234,35.95265197753906,36.64629364013672
../../../../data/DIONE/work/Framework_Datasets/dataset/attacked-dataset/no-defence/preset_2/parsimonious/koncept/3228786952.png,37.23926544189453,36.730377197265625,37.709999084472656
../../../../data/DIONE/work/Framework_Datasets/dataset/attacked-dataset/no-defence/preset_2/parsimonious/koncept/2790138273.png,50.39420318603516,50.127685546875,50.699066162109375
../../../../data/DIONE/work/Framework_Datasets/dataset/attacked-dataset/no-defence/preset_2/parsimonious/koncept/2197636094.png,56.04399108886719,55.752349853515625,56.37013244628906
../../../../data/DIONE/work/Framework_Datasets/dataset/attacked-dataset/no-defence/preset_2/parsimonious/koncept/1572804254.png,46.58344268798828,46.28290557861328,46.81145477294922
../../../../data/DIONE/work/Framework_Datasets/dataset/attacked-dataset/no-defence/preset_2/parsimonious/koncept/1434258458.png,57.19667816162109,56.86991882324219,57.46649932861328
../../../../data/DIONE/work/Framework_Datasets/dataset/attacked-dataset/no-defence/preset_2/parsimonious/koncept/11004139923.png,68.95370483398438,68.94252014160156,68.96385955810547
../../../../data/DIONE/work/Framework_Datasets/dataset/attacked-dataset/no-defence/preset_2/parsimonious/koncept/10513907744.png,48.84288787841797,48.70879364013672,48.93130493164063
../../../../data/DIONE/work/Framework_Datasets/dataset/attacked-dataset/no-defence/preset_2/madc/koncept/1026198859.png,56.12982940673828,55.96222686767578,56.32744598388672
../../../../data/DIONE/work/Framework_Datasets/dataset/attacked-dataset/no-defence/preset_2/madc/koncept/10244314384.png,34.15161895751953,33.822410583496094,34.50672149658203
../../../../data/DIONE/work/Framework_Datasets/dataset/attacked-dataset/no-defence/preset_2/madc/koncept/10155925686.png,41.57954406738281,41.26113128662109,41.94203186035156
../../../../data/DIONE/work/Framework_Datasets/dataset/attacked-dataset/no-defence/preset_2/madc/koncept/10147970884.png,59.99300384521485,59.76587677001953,60.23564910888672
../../../../data/DIONE/work/Framework_Datasets/dataset/attacked-dataset/no-defence/preset_2/madc/koncept/10111411235.png,39.187599182128906,38.89412689208984,39.497108459472656
../../../../data/DIONE/work/Framework_Datasets/dataset/attacked-dataset/no-defence/preset_2/madc/koncept/10094235786.png,49.865699768066406,49.75132751464844,50.096771240234375
../../../../data/DIONE/work/Framework_Datasets/dataset/attacked-dataset/no-defence/preset_2/madc/koncept/10091520555.png,37.4354248046875,36.770957946777344,37.99668884277344
../../../../data/DIONE/work/Framework_Datasets/dataset/attacked-dataset/no-defence/preset_2/madc/koncept/10050349236.png,41.83317565917969,41.460899353027344,42.16398620605469
../../../../data/DIONE/work/Framework_Datasets/dataset/attacked-dataset/no-defence/preset_2/madc/koncept/10031298826.png,49.817718505859375,49.72466278076172,49.94863128662109
../../../../data/DIONE/work/Framework_Datasets/dataset/attacked-dataset/no-defence/preset_2/madc/koncept/10027582235.png,55.06427764892578,54.77096557617188,55.369873046875
../../../../data/DIONE/work/Framework_Datasets/dataset/attacked-dataset/no-defence/preset_2/ifgsm/koncept/1026198859.png,58.90202331542969,58.728302001953125,59.081092834472656
../../../../data/DIONE/work/Framework_Datasets/dataset/attacked-dataset/no-defence/preset_2/ifgsm/koncept/10244314384.png,34.51068878173828,34.138023376464844,34.871002197265625
../../../../data/DIONE/work/Framework_Datasets/dataset/attacked-dataset/no-defence/preset_2/ifgsm/koncept/10155925686.png,43.62626647949219,43.3092041015625,43.9285888671875
../../../../data/DIONE/work/Framework_Datasets/dataset/attacked-dataset/no-defence/preset_2/ifgsm/koncept/10147970884.png,63.863059997558594,63.55425262451172,64.1080551147461
../../../../data/DIONE/work/Framework_Datasets/dataset/attacked-dataset/no-defence/preset_2/ifgsm/koncept/10111411235.png,43.33760833740234,43.026649475097656,43.601524353027344
../../../../data/DIONE/work/Framework_Datasets/dataset/attacked-dataset/no-defence/preset_2/ifgsm/koncept/10094235786.png,54.11351776123047,53.754539489746094,54.52478790283203
../../../../data/DIONE/work/Framework_Datasets/dataset/attacked-dataset/no-defence/preset_2/ifgsm/koncept/10091520555.png,37.73149871826172,37.12444305419922,38.35774230957031
../../../../data/DIONE/work/Framework_Datasets/dataset/attacked-dataset/no-defence/preset_2/ifgsm/koncept/10050349236.png,42.27952575683594,41.97720336914063,42.60636901855469
../../../../data/DIONE/work/Framework_Datasets/dataset/attacked-dataset/no-defence/preset_2/ifgsm/koncept/10031298826.png,51.84933471679688,51.57070159912109,52.110931396484375
../../../../data/DIONE/work/Framework_Datasets/dataset/attacked-dataset/no-defence/preset_2/ifgsm/koncept/10027582235.png,57.833526611328125,57.50421142578125,58.22412872314453
../../../../data/DIONE/work/Framework_Datasets/dataset/attacked-dataset/no-defence/preset_2/cnn-attack/koncept/1026198859.png,54.93692779541016,54.72216796875,55.12995147705078
../../../../data/DIONE/work/Framework_Datasets/dataset/attacked-dataset/no-defence/preset_2/cnn-attack/koncept/10244314384.png,33.67987823486328,33.27519989013672,34.0279541015625
../../../../data/DIONE/work/Framework_Datasets/dataset/attacked-dataset/no-defence/preset_2/cnn-attack/koncept/10155925686.png,40.54049682617188,40.22492980957031,40.82366943359375
../../../../data/DIONE/work/Framework_Datasets/dataset/attacked-dataset/no-defence/preset_2/cnn-attack/koncept/10147970884.png,57.99004364013672,57.76337432861328,58.18971252441406
../../../../data/DIONE/work/Framework_Datasets/dataset/attacked-dataset/no-defence/preset_2/cnn-attack/koncept/10111411235.png,38.04418182373047,37.677391052246094,38.40245819091797
../../../../data/DIONE/work/Framework_Datasets/dataset/attacked-dataset/no-defence/preset_2/cnn-attack/koncept/10094235786.png,48.21269226074219,47.86593627929688,48.5595932006836
../../../../data/DIONE/work/Framework_Datasets/dataset/attacked-dataset/no-defence/preset_2/cnn-attack/koncept/10091520555.png,33.85308074951172,33.196990966796875,34.59126281738281
../../../../data/DIONE/work/Framework_Datasets/dataset/attacked-dataset/no-defence/preset_2/cnn-attack/koncept/10050349236.png,40.07499694824219,39.645294189453125,40.44081115722656
../../../../data/DIONE/work/Framework_Datasets/dataset/attacked-dataset/no-defence/preset_2/cnn-attack/koncept/10031298826.png,48.45480346679688,48.15779876708984,48.73448181152344
../../../../data/DIONE/work/Framework_Datasets/dataset/attacked-dataset/no-defence/preset_2/cnn-attack/koncept/10027582235.png,51.67316436767578,51.47627258300781,51.892425537109375
../../../../data/DIONE/work/Framework_Datasets/dataset/attacked-dataset/no-defence/preset_2/uap/koncept/1026198859.png,54.42982482910156,54.24180603027344,54.642677307128906
../../../../data/DIONE/work/Framework_Datasets/dataset/attacked-dataset/no-defence/preset_2/uap/koncept/10244314384.png,34.60923767089844,34.255828857421875,34.91084289550781
../../../../data/DIONE/work/Framework_Datasets/dataset/attacked-dataset/no-defence/preset_2/uap/koncept/10155925686.png,40.99226379394531,40.67745971679688,41.30744171142578
../../../../data/DIONE/work/Framework_Datasets/dataset/attacked-dataset/no-defence/preset_2/uap/koncept/10147970884.png,57.46045684814453,57.20491027832031,57.70841979980469
../../../../data/DIONE/work/Framework_Datasets/dataset/attacked-dataset/no-defence/preset_2/uap/koncept/10111411235.png,37.69130706787109,37.37442779541016,37.98735046386719
../../../../data/DIONE/work/Framework_Datasets/dataset/attacked-dataset/no-defence/preset_2/uap/koncept/10094235786.png,47.59281921386719,47.265769958496094,47.943756103515625
../../../../data/DIONE/work/Framework_Datasets/dataset/attacked-dataset/no-defence/preset_2/uap/koncept/10091520555.png,35.38282775878906,34.71031951904297,36.03913116455078
../../../../data/DIONE/work/Framework_Datasets/dataset/attacked-dataset/no-defence/preset_2/uap/koncept/10050349236.png,41.35230255126953,40.96730041503906,41.70012664794922
../../../../data/DIONE/work/Framework_Datasets/dataset/attacked-dataset/no-defence/preset_2/uap/koncept/10031298826.png,48.44010162353516,48.13312530517578,48.67772674560547
../../../../data/DIONE/work/Framework_Datasets/dataset/attacked-dataset/no-defence/preset_2/uap/koncept/10027582235.png,51.99097442626953,51.77086639404297,52.22824096679688
../../../../data/DIONE/work/Framework_Datasets/dataset/attacked-dataset/no-defence/preset_2/ssah/koncept/1026198859.png,56.56117248535156,56.39978790283203,56.74039459228516
../../../../data/DIONE/work/Framework_Datasets/dataset/attacked-dataset/no-defence/preset_2/ssah/koncept/10244314384.png,34.16972351074219,33.837158203125,34.50601959228516
../../../../data/DIONE/work/Framework_Datasets/dataset/attacked-dataset/no-defence/preset_2/ssah/koncept/10155925686.png,41.79771423339844,41.43299102783203,42.142372131347656
../../../../data/DIONE/work/Framework_Datasets/dataset/attacked-dataset/no-defence/preset_2/ssah/koncept/10147970884.png,60.40837860107422,60.16852569580078,60.65962219238281
../../../../data/DIONE/work/Framework_Datasets/dataset/attacked-dataset/no-defence/preset_2/ssah/koncept/10111411235.png,39.97478485107422,39.659217834472656,40.23567199707031
../../../../data/DIONE/work/Framework_Datasets/dataset/attacked-dataset/no-defence/preset_2/ssah/koncept/10094235786.png,50.620391845703125,50.2573471069336,50.91645812988281
../../../../data/DIONE/work/Framework_Datasets/dataset/attacked-dataset/no-defence/preset_2/ssah/koncept/10091520555.png,37.22611999511719,36.5628662109375,37.83521270751953
../../../../data/DIONE/work/Framework_Datasets/dataset/attacked-dataset/no-defence/preset_2/ssah/koncept/10050349236.png,41.70034790039063,41.37616729736328,42.052879333496094
../../../../data/DIONE/work/Framework_Datasets/dataset/attacked-dataset/no-defence/preset_2/ssah/koncept/10031298826.png,49.894622802734375,49.79779052734375,50.05408477783203
../../../../data/DIONE/work/Framework_Datasets/dataset/attacked-dataset/no-defence/preset_2/ssah/koncept/10027582235.png,55.35732269287109,55.026512145996094,55.69862365722656
../../../../data/DIONE/work/Framework_Datasets/dataset/attacked-dataset/no-defence/preset_2/patch-rs/koncept/3525647615.png,61.037574768066406,60.68640899658203,61.39067840576172
../../../../data/DIONE/work/Framework_Datasets/dataset/attacked-dataset/no-defence/preset_2/patch-rs/koncept/3395475764.png,53.493125915527344,53.33698272705078,53.65269470214844
../../../../data/DIONE/work/Framework_Datasets/dataset/attacked-dataset/no-defence/preset_2/patch-rs/koncept/3390605400.png,49.02653503417969,48.804962158203125,49.35673522949219
../../../../data/DIONE/work/Framework_Datasets/dataset/attacked-dataset/no-defence/preset_2/patch-rs/koncept/3228786952.png,51.12675476074219,50.56935119628906,51.656288146972656
../../../../data/DIONE/work/Framework_Datasets/dataset/attacked-dataset/no-defence/preset_2/patch-rs/koncept/2790138273.png,57.50439453125,57.14522552490234,57.91014862060547
../../../../data/DIONE/work/Framework_Datasets/dataset/attacked-dataset/no-defence/preset_2/patch-rs/koncept/2197636094.png,62.46098327636719,62.11715698242188,62.84352111816406
../../../../data/DIONE/work/Framework_Datasets/dataset/attacked-dataset/no-defence/preset_2/patch-rs/koncept/1572804254.png,51.35137176513672,51.0509033203125,51.78008270263672
../../../../data/DIONE/work/Framework_Datasets/dataset/attacked-dataset/no-defence/preset_2/patch-rs/koncept/1434258458.png,61.72980499267578,61.389068603515625,62.09089660644531
../../../../data/DIONE/work/Framework_Datasets/dataset/attacked-dataset/no-defence/preset_2/patch-rs/koncept/11004139923.png,69.33550262451172,69.31672668457031,69.35456085205078
../../../../data/DIONE/work/Framework_Datasets/dataset/attacked-dataset/no-defence/preset_2/patch-rs/koncept/10513907744.png,51.523040771484375,51.28282165527344,51.753173828125
../../../../data/DIONE/work/Framework_Datasets/dataset/attacked-dataset/no-defence/preset_2/onepixel/koncept/3525647615.png,51.95948028564453,51.66936492919922,52.22004699707031
../../../../data/DIONE/work/Framework_Datasets/dataset/attacked-dataset/no-defence/preset_2/onepixel/koncept/3395475764.png,52.344764709472656,52.18716430664063,52.52149200439453
../../../../data/DIONE/work/Framework_Datasets/dataset/attacked-dataset/no-defence/preset_2/onepixel/koncept/3390605400.png,35.05046081542969,34.4754638671875,35.6064453125
../../../../data/DIONE/work/Framework_Datasets/dataset/attacked-dataset/no-defence/preset_2/onepixel/koncept/3228786952.png,36.015655517578125,35.49604797363281,36.52641296386719
../../../../data/DIONE/work/Framework_Datasets/dataset/attacked-dataset/no-defence/preset_2/onepixel/koncept/2790138273.png,49.952735900878906,49.81235504150391,50.11791229248047
../../../../data/DIONE/work/Framework_Datasets/dataset/attacked-dataset/no-defence/preset_2/onepixel/koncept/2197636094.png,54.88053894042969,54.61327362060547,55.15029144287109
../../../../data/DIONE/work/Framework_Datasets/dataset/attacked-dataset/no-defence/preset_2/onepixel/koncept/1572804254.png,46.51756286621094,46.22882080078125,46.79998779296875
../../../../data/DIONE/work/Framework_Datasets/dataset/attacked-dataset/no-defence/preset_2/onepixel/koncept/1434258458.png,55.32115936279297,55.02278137207031,55.62818145751953
../../../../data/DIONE/work/Framework_Datasets/dataset/attacked-dataset/no-defence/preset_2/onepixel/koncept/11004139923.png,68.84309387207031,68.83271789550781,68.85272979736328
../../../../data/DIONE/work/Framework_Datasets/dataset/attacked-dataset/no-defence/preset_2/onepixel/koncept/10513907744.png,47.853492736816406,47.552276611328125,48.11040496826172
../../../../data/DIONE/work/Framework_Datasets/dataset/attacked-dataset/no-defence/preset_2/korhonen-et-al/koncept/1026198859.png,58.99820709228516,58.84616088867188,59.13050842285156
../../../../data/DIONE/work/Framework_Datasets/dataset/attacked-dataset/no-defence/preset_2/korhonen-et-al/koncept/10244314384.png,34.59613800048828,34.279876708984375,34.975563049316406
../../../../data/DIONE/work/Framework_Datasets/dataset/attacked-dataset/no-defence/preset_2/korhonen-et-al/koncept/10155925686.png,44.036376953125,43.715179443359375,44.49903869628906
../../../../data/DIONE/work/Framework_Datasets/dataset/attacked-dataset/no-defence/preset_2/korhonen-et-al/koncept/10147970884.png,63.21308898925781,62.90062713623047,63.493690490722656
../../../../data/DIONE/work/Framework_Datasets/dataset/attacked-dataset/no-defence/preset_2/korhonen-et-al/koncept/10111411235.png,43.48839569091797,43.21276092529297,43.699317932128906
../../../../data/DIONE/work/Framework_Datasets/dataset/attacked-dataset/no-defence/preset_2/korhonen-et-al/koncept/10094235786.png,54.44317626953125,54.07021331787109,54.79879760742188
../../../../data/DIONE/work/Framework_Datasets/dataset/attacked-dataset/no-defence/preset_2/korhonen-et-al/koncept/10091520555.png,38.970741271972656,38.29830932617188,39.520545959472656
../../../../data/DIONE/work/Framework_Datasets/dataset/attacked-dataset/no-defence/preset_2/korhonen-et-al/koncept/10050349236.png,42.48450469970703,42.127403259277344,42.76375579833984
../../../../data/DIONE/work/Framework_Datasets/dataset/attacked-dataset/no-defence/preset_2/korhonen-et-al/koncept/10031298826.png,52.08948516845703,51.832275390625,52.36757659912109
../../../../data/DIONE/work/Framework_Datasets/dataset/attacked-dataset/no-defence/preset_2/korhonen-et-al/koncept/10027582235.png,57.63835906982422,57.31426239013672,57.97442626953125
../../../../data/DIONE/work/Framework_Datasets/dataset/attacked-dataset/no-defence/preset_2/grad-est/koncept/3525647615.png,52.64618682861328,52.34880828857422,52.98155975341797
../../../../data/DIONE/work/Framework_Datasets/dataset/attacked-dataset/no-defence/preset_2/grad-est/koncept/3395475764.png,52.814544677734375,52.65866088867188,52.98289489746094
../../../../data/DIONE/work/Framework_Datasets/dataset/attacked-dataset/no-defence/preset_2/grad-est/koncept/3390605400.png,33.72728729248047,33.32447052001953,34.15396881103516
../../../../data/DIONE/work/Framework_Datasets/dataset/attacked-dataset/no-defence/preset_2/grad-est/koncept/3228786952.png,35.76016998291016,35.210693359375,36.36698913574219
../../../../data/DIONE/work/Framework_Datasets/dataset/attacked-dataset/no-defence/preset_2/grad-est/koncept/2790138273.png,49.84657287597656,49.69709014892578,49.97557830810547
../../../../data/DIONE/work/Framework_Datasets/dataset/attacked-dataset/no-defence/preset_2/grad-est/koncept/2197636094.png,54.95742034912109,54.68920135498047,55.250221252441406
../../../../data/DIONE/work/Framework_Datasets/dataset/attacked-dataset/no-defence/preset_2/grad-est/koncept/1572804254.png,45.42827606201172,45.14746856689453,45.710479736328125
../../../../data/DIONE/work/Framework_Datasets/dataset/attacked-dataset/no-defence/preset_2/grad-est/koncept/1434258458.png,56.91045379638672,56.52002716064453,57.2886962890625
../../../../data/DIONE/work/Framework_Datasets/dataset/attacked-dataset/no-defence/preset_2/grad-est/koncept/11004139923.png,68.90477752685547,68.89312744140625,68.91462707519531
../../../../data/DIONE/work/Framework_Datasets/dataset/attacked-dataset/no-defence/preset_2/grad-est/koncept/10513907744.png,48.091835021972656,47.80638122558594,48.354957580566406
../../../../data/DIONE/work/Framework_Datasets/dataset/attacked-dataset/no-defence/preset_2/cadv/koncept/1026198859.png,56.23268127441406,56.04793548583984,56.42292022705078
../../../../data/DIONE/work/Framework_Datasets/dataset/attacked-dataset/no-defence/preset_2/cadv/koncept/10244314384.png,34.805274963378906,34.45939636230469,35.18107604980469
../../../../data/DIONE/work/Framework_Datasets/dataset/attacked-dataset/no-defence/preset_2/cadv/koncept/10155925686.png,31.17658042907715,30.939414978027344,31.40024757385254
../../../../data/DIONE/work/Framework_Datasets/dataset/attacked-dataset/no-defence/preset_2/cadv/koncept/10147970884.png,60.05017852783203,59.84561920166016,60.25922393798828
../../../../data/DIONE/work/Framework_Datasets/dataset/attacked-dataset/no-defence/preset_2/cadv/koncept/10111411235.png,42.116310119628906,41.86899566650391,42.39579772949219
../../../../data/DIONE/work/Framework_Datasets/dataset/attacked-dataset/no-defence/preset_2/cadv/koncept/10094235786.png,49.42598724365234,49.266639709472656,49.57080078125
../../../../data/DIONE/work/Framework_Datasets/dataset/attacked-dataset/no-defence/preset_2/cadv/koncept/10091520555.png,37.43336486816406,36.85577392578125,37.98676300048828
../../../../data/DIONE/work/Framework_Datasets/dataset/attacked-dataset/no-defence/preset_2/cadv/koncept/10050349236.png,43.77667999267578,43.54562377929688,44.047645568847656
../../../../data/DIONE/work/Framework_Datasets/dataset/attacked-dataset/no-defence/preset_2/cadv/koncept/10031298826.png,48.34130096435547,48.04285430908203,48.61457824707031
../../../../data/DIONE/work/Framework_Datasets/dataset/attacked-dataset/no-defence/preset_2/cadv/koncept/10027582235.png,52.17135620117188,51.88434600830078,52.47370910644531
../../../../data/DIONE/work/Framework_Datasets/dataset/attacked-dataset/no-defence/preset_1/zhang-et-al-dists/koncept/1026198859.png,57.397239685058594,57.2340087890625,57.53482055664063
../../../../data/DIONE/work/Framework_Datasets/dataset/attacked-dataset/no-defence/preset_1/zhang-et-al-dists/koncept/10244314384.png,34.322776794433594,33.98371887207031,34.654808044433594
../../../../data/DIONE/work/Framework_Datasets/dataset/attacked-dataset/no-defence/preset_1/zhang-et-al-dists/koncept/10155925686.png,42.40857696533203,42.03596496582031,42.74156951904297
../../../../data/DIONE/work/Framework_Datasets/dataset/attacked-dataset/no-defence/preset_1/zhang-et-al-dists/koncept/10147970884.png,60.612335205078125,60.351898193359375,60.91192626953125
../../../../data/DIONE/work/Framework_Datasets/dataset/attacked-dataset/no-defence/preset_1/zhang-et-al-dists/koncept/10111411235.png,41.659912109375,41.37220764160156,41.92918395996094
../../../../data/DIONE/work/Framework_Datasets/dataset/attacked-dataset/no-defence/preset_1/zhang-et-al-dists/koncept/10094235786.png,50.93199920654297,50.64110565185547,51.22197723388672
../../../../data/DIONE/work/Framework_Datasets/dataset/attacked-dataset/no-defence/preset_1/zhang-et-al-dists/koncept/10091520555.png,37.25060272216797,36.65187072753906,37.80848693847656
../../../../data/DIONE/work/Framework_Datasets/dataset/attacked-dataset/no-defence/preset_1/zhang-et-al-dists/koncept/10050349236.png,42.12128448486328,41.74641418457031,42.43735504150391
../../../../data/DIONE/work/Framework_Datasets/dataset/attacked-dataset/no-defence/preset_1/zhang-et-al-dists/koncept/10031298826.png,50.01673889160156,49.87286376953125,50.2431869506836
../../../../data/DIONE/work/Framework_Datasets/dataset/attacked-dataset/no-defence/preset_1/zhang-et-al-dists/koncept/10027582235.png,54.923622131347656,54.60984802246094,55.209503173828125
../../../../data/DIONE/work/Framework_Datasets/dataset/attacked-dataset/no-defence/preset_1/stadv/koncept/1026198859.png,54.5571517944336,54.379005432128906,54.74083709716797
../../../../data/DIONE/work/Framework_Datasets/dataset/attacked-dataset/no-defence/preset_1/stadv/koncept/10244314384.png,33.80240631103516,33.45659637451172,34.15796661376953
../../../../data/DIONE/work/Framework_Datasets/dataset/attacked-dataset/no-defence/preset_1/stadv/koncept/10155925686.png,40.37694549560547,40.09210205078125,40.67229461669922
../../../../data/DIONE/work/Framework_Datasets/dataset/attacked-dataset/no-defence/preset_1/stadv/koncept/10147970884.png,57.79689025878906,57.57721710205078,58.00911712646485
../../../../data/DIONE/work/Framework_Datasets/dataset/attacked-dataset/no-defence/preset_1/stadv/koncept/10111411235.png,37.53058624267578,37.225921630859375,37.83080291748047
../../../../data/DIONE/work/Framework_Datasets/dataset/attacked-dataset/no-defence/preset_1/stadv/koncept/10094235786.png,47.78956604003906,47.43260955810547,48.11784362792969
../../../../data/DIONE/work/Framework_Datasets/dataset/attacked-dataset/no-defence/preset_1/stadv/koncept/10091520555.png,35.562049865722656,34.821922302246094,36.24739837646485
../../../../data/DIONE/work/Framework_Datasets/dataset/attacked-dataset/no-defence/preset_1/stadv/koncept/10050349236.png,41.21385955810547,40.9223861694336,41.51661682128906
../../../../data/DIONE/work/Framework_Datasets/dataset/attacked-dataset/no-defence/preset_1/stadv/koncept/10031298826.png,48.24424743652344,47.96051788330078,48.5404052734375
../../../../data/DIONE/work/Framework_Datasets/dataset/attacked-dataset/no-defence/preset_1/stadv/koncept/10027582235.png,51.91977691650391,51.721923828125,52.142311096191406
../../../../data/DIONE/work/Framework_Datasets/dataset/attacked-dataset/no-defence/preset_1/square-attack/koncept/3525647615.png,53.18820190429688,52.89012908935547,53.46642303466797
../../../../data/DIONE/work/Framework_Datasets/dataset/attacked-dataset/no-defence/preset_1/square-attack/koncept/3395475764.png,52.82100677490234,52.68524169921875,52.979339599609375
../../../../data/DIONE/work/Framework_Datasets/dataset/attacked-dataset/no-defence/preset_1/square-attack/koncept/3390605400.png,34.40715026855469,33.957908630371094,34.80638122558594
../../../../data/DIONE/work/Framework_Datasets/dataset/attacked-dataset/no-defence/preset_1/square-attack/koncept/3228786952.png,35.87738800048828,35.24517822265625,36.4341049194336
../../../../data/DIONE/work/Framework_Datasets/dataset/attacked-dataset/no-defence/preset_1/square-attack/koncept/2790138273.png,49.80616760253906,49.666282653808594,49.931060791015625
../../../../data/DIONE/work/Framework_Datasets/dataset/attacked-dataset/no-defence/preset_1/square-attack/koncept/2197636094.png,55.12612915039063,54.85719299316406,55.40778350830078
../../../../data/DIONE/work/Framework_Datasets/dataset/attacked-dataset/no-defence/preset_1/square-attack/koncept/1572804254.png,45.8212890625,45.529335021972656,46.082740783691406
../../../../data/DIONE/work/Framework_Datasets/dataset/attacked-dataset/no-defence/preset_1/square-attack/koncept/1434258458.png,55.81537628173828,55.497833251953125,56.09393310546875
../../../../data/DIONE/work/Framework_Datasets/dataset/attacked-dataset/no-defence/preset_1/square-attack/koncept/11004139923.png,68.90479278564453,68.89522552490234,68.91564178466797
../../../../data/DIONE/work/Framework_Datasets/dataset/attacked-dataset/no-defence/preset_1/square-attack/koncept/10513907744.png,48.08130645751953,47.823516845703125,48.332557678222656
../../../../data/DIONE/work/Framework_Datasets/dataset/attacked-dataset/no-defence/preset_1/parsimonious/koncept/3525647615.png,55.27313232421875,54.991844177246094,55.61443328857422
../../../../data/DIONE/work/Framework_Datasets/dataset/attacked-dataset/no-defence/preset_1/parsimonious/koncept/3395475764.png,53.75518035888672,53.5948486328125,53.9263916015625
../../../../data/DIONE/work/Framework_Datasets/dataset/attacked-dataset/no-defence/preset_1/parsimonious/koncept/3390605400.png,37.28726196289063,36.94562530517578,37.63957977294922
../../../../data/DIONE/work/Framework_Datasets/dataset/attacked-dataset/no-defence/preset_1/parsimonious/koncept/3228786952.png,37.5649642944336,37.07845306396485,38.06809997558594
../../../../data/DIONE/work/Framework_Datasets/dataset/attacked-dataset/no-defence/preset_1/parsimonious/koncept/2790138273.png,51.1019287109375,50.898475646972656,51.30681610107422
../../../../data/DIONE/work/Framework_Datasets/dataset/attacked-dataset/no-defence/preset_1/parsimonious/koncept/2197636094.png,56.58932495117188,56.25116729736328,56.97437286376953
../../../../data/DIONE/work/Framework_Datasets/dataset/attacked-dataset/no-defence/preset_1/parsimonious/koncept/1572804254.png,47.05614471435547,46.74705505371094,47.31861114501953
../../../../data/DIONE/work/Framework_Datasets/dataset/attacked-dataset/no-defence/preset_1/parsimonious/koncept/1434258458.png,58.269561767578125,58.00201416015625,58.50601196289063
../../../../data/DIONE/work/Framework_Datasets/dataset/attacked-dataset/no-defence/preset_1/parsimonious/koncept/11004139923.png,69.0373764038086,69.02766418457031,69.04757690429688
../../../../data/DIONE/work/Framework_Datasets/dataset/attacked-dataset/no-defence/preset_1/parsimonious/koncept/10513907744.png,49.008880615234375,48.91542816162109,49.09974670410156
../../../../data/DIONE/work/Framework_Datasets/dataset/attacked-dataset/no-defence/preset_1/madc/koncept/1026198859.png,55.20183563232422,54.96168518066406,55.42095947265625
../../../../data/DIONE/work/Framework_Datasets/dataset/attacked-dataset/no-defence/preset_1/madc/koncept/10244314384.png,33.991485595703125,33.62596130371094,34.34246063232422
../../../../data/DIONE/work/Framework_Datasets/dataset/attacked-dataset/no-defence/preset_1/madc/koncept/10155925686.png,40.763450622558594,40.44630432128906,41.077857971191406
../../../../data/DIONE/work/Framework_Datasets/dataset/attacked-dataset/no-defence/preset_1/madc/koncept/10147970884.png,58.69995880126953,58.52806091308594,58.90495300292969
../../../../data/DIONE/work/Framework_Datasets/dataset/attacked-dataset/no-defence/preset_1/madc/koncept/10111411235.png,38.65167999267578,38.33666229248047,38.97528076171875
../../../../data/DIONE/work/Framework_Datasets/dataset/attacked-dataset/no-defence/preset_1/madc/koncept/10094235786.png,49.15681457519531,48.94110870361328,49.309303283691406
../../../../data/DIONE/work/Framework_Datasets/dataset/attacked-dataset/no-defence/preset_1/madc/koncept/10091520555.png,36.33830261230469,35.7254638671875,37.05867767333984
../../../../data/DIONE/work/Framework_Datasets/dataset/attacked-dataset/no-defence/preset_1/madc/koncept/10050349236.png,41.46611022949219,41.10150909423828,41.80326843261719
../../../../data/DIONE/work/Framework_Datasets/dataset/attacked-dataset/no-defence/preset_1/madc/koncept/10031298826.png,48.86454772949219,48.640167236328125,49.08183288574219
../../../../data/DIONE/work/Framework_Datasets/dataset/attacked-dataset/no-defence/preset_1/madc/koncept/10027582235.png,53.18754577636719,52.95014953613281,53.47405242919922
../../../../data/DIONE/work/Framework_Datasets/dataset/attacked-dataset/no-defence/preset_1/ifgsm/koncept/1026198859.png,57.35189056396485,57.171348571777344,57.503456115722656
../../../../data/DIONE/work/Framework_Datasets/dataset/attacked-dataset/no-defence/preset_1/ifgsm/koncept/10244314384.png,34.18865203857422,33.812644958496094,34.51873779296875
../../../../data/DIONE/work/Framework_Datasets/dataset/attacked-dataset/no-defence/preset_1/ifgsm/koncept/10155925686.png,42.23344421386719,41.87367248535156,42.58102416992188
../../../../data/DIONE/work/Framework_Datasets/dataset/attacked-dataset/no-defence/preset_1/ifgsm/koncept/10147970884.png,60.749359130859375,60.4668197631836,61.006622314453125
../../../../data/DIONE/work/Framework_Datasets/dataset/attacked-dataset/no-defence/preset_1/ifgsm/koncept/10111411235.png,41.21663665771485,40.91624450683594,41.50333404541016
../../../../data/DIONE/work/Framework_Datasets/dataset/attacked-dataset/no-defence/preset_1/ifgsm/koncept/10094235786.png,50.67545318603516,50.30147552490234,50.98211669921875
../../../../data/DIONE/work/Framework_Datasets/dataset/attacked-dataset/no-defence/preset_1/ifgsm/koncept/10091520555.png,36.92328643798828,36.232643127441406,37.53163909912109
../../../../data/DIONE/work/Framework_Datasets/dataset/attacked-dataset/no-defence/preset_1/ifgsm/koncept/10050349236.png,41.93739318847656,41.60609436035156,42.24480438232422
../../../../data/DIONE/work/Framework_Datasets/dataset/attacked-dataset/no-defence/preset_1/ifgsm/koncept/10031298826.png,49.881927490234375,49.7926025390625,50.031517028808594
../../../../data/DIONE/work/Framework_Datasets/dataset/attacked-dataset/no-defence/preset_1/ifgsm/koncept/10027582235.png,54.92694854736328,54.58599090576172,55.206146240234375
../../../../data/DIONE/work/Framework_Datasets/dataset/attacked-dataset/no-defence/preset_1/cnn-attack/koncept/1026198859.png,54.63495635986328,54.447540283203125,54.85516357421875
../../../../data/DIONE/work/Framework_Datasets/dataset/attacked-dataset/no-defence/preset_1/cnn-attack/koncept/10244314384.png,33.681060791015625,33.330467224121094,34.04443359375
../../../../data/DIONE/work/Framework_Datasets/dataset/attacked-dataset/no-defence/preset_1/cnn-attack/koncept/10155925686.png,40.08128356933594,39.75322723388672,40.38634490966797
../../../../data/DIONE/work/Framework_Datasets/dataset/attacked-dataset/no-defence/preset_1/cnn-attack/koncept/10147970884.png,57.70689392089844,57.43956756591797,57.93550109863281
../../../../data/DIONE/work/Framework_Datasets/dataset/attacked-dataset/no-defence/preset_1/cnn-attack/koncept/10111411235.png,37.51618957519531,37.222267150878906,37.833229064941406
../../../../data/DIONE/work/Framework_Datasets/dataset/attacked-dataset/no-defence/preset_1/cnn-attack/koncept/10094235786.png,48.1162338256836,47.75148010253906,48.49224853515625
../../../../data/DIONE/work/Framework_Datasets/dataset/attacked-dataset/no-defence/preset_1/cnn-attack/koncept/10091520555.png,34.460914611816406,33.731529235839844,35.153602600097656
../../../../data/DIONE/work/Framework_Datasets/dataset/attacked-dataset/no-defence/preset_1/cnn-attack/koncept/10050349236.png,40.74494171142578,40.410255432128906,41.06474304199219
../../../../data/DIONE/work/Framework_Datasets/dataset/attacked-dataset/no-defence/preset_1/cnn-attack/koncept/10031298826.png,48.25520324707031,47.933570861816406,48.55698394775391
../../../../data/DIONE/work/Framework_Datasets/dataset/attacked-dataset/no-defence/preset_1/cnn-attack/koncept/10027582235.png,51.4927978515625,51.27478790283203,51.71550750732422
../../../../data/DIONE/work/Framework_Datasets/dataset/attacked-dataset/no-defence/preset_1/uap/koncept/1026198859.png,54.47238159179688,54.30084228515625,54.6679916381836
../../../../data/DIONE/work/Framework_Datasets/dataset/attacked-dataset/no-defence/preset_1/uap/koncept/10244314384.png,34.33019256591797,33.982322692871094,34.65354919433594
../../../../data/DIONE/work/Framework_Datasets/dataset/attacked-dataset/no-defence/preset_1/uap/koncept/10155925686.png,40.47686004638672,40.16697692871094,40.82524108886719
../../../../data/DIONE/work/Framework_Datasets/dataset/attacked-dataset/no-defence/preset_1/uap/koncept/10147970884.png,57.691062927246094,57.43161010742188,57.907188415527344
../../../../data/DIONE/work/Framework_Datasets/dataset/attacked-dataset/no-defence/preset_1/uap/koncept/10111411235.png,37.524452209472656,37.23125457763672,37.80853271484375
../../../../data/DIONE/work/Framework_Datasets/dataset/attacked-dataset/no-defence/preset_1/uap/koncept/10094235786.png,47.78972625732422,47.429534912109375,48.13750457763672
../../../../data/DIONE/work/Framework_Datasets/dataset/attacked-dataset/no-defence/preset_1/uap/koncept/10091520555.png,35.39649200439453,34.660926818847656,36.157691955566406
../../../../data/DIONE/work/Framework_Datasets/dataset/attacked-dataset/no-defence/preset_1/uap/koncept/10050349236.png,41.14189910888672,40.81182098388672,41.50061798095703
../../../../data/DIONE/work/Framework_Datasets/dataset/attacked-dataset/no-defence/preset_1/uap/koncept/10031298826.png,48.28189086914063,47.96867370605469,48.562408447265625
../../../../data/DIONE/work/Framework_Datasets/dataset/attacked-dataset/no-defence/preset_1/uap/koncept/10027582235.png,51.837921142578125,51.64370727539063,52.06732940673828
../../../../data/DIONE/work/Framework_Datasets/dataset/attacked-dataset/no-defence/preset_1/ssah/koncept/1026198859.png,55.969818115234375,55.79193878173828,56.14731597900391
../../../../data/DIONE/work/Framework_Datasets/dataset/attacked-dataset/no-defence/preset_1/ssah/koncept/10244314384.png,34.05669403076172,33.712615966796875,34.38508605957031
../../../../data/DIONE/work/Framework_Datasets/dataset/attacked-dataset/no-defence/preset_1/ssah/koncept/10155925686.png,41.18084716796875,40.8413314819336,41.531036376953125
../../../../data/DIONE/work/Framework_Datasets/dataset/attacked-dataset/no-defence/preset_1/ssah/koncept/10147970884.png,59.1905517578125,58.93336486816406,59.42201232910156
../../../../data/DIONE/work/Framework_Datasets/dataset/attacked-dataset/no-defence/preset_1/ssah/koncept/10111411235.png,39.82300567626953,39.52825164794922,40.11269378662109
../../../../data/DIONE/work/Framework_Datasets/dataset/attacked-dataset/no-defence/preset_1/ssah/koncept/10094235786.png,49.68147277832031,49.50640106201172,49.79838562011719
../../../../data/DIONE/work/Framework_Datasets/dataset/attacked-dataset/no-defence/preset_1/ssah/koncept/10091520555.png,36.799110412597656,36.11229705810547,37.43771362304688
../../../../data/DIONE/work/Framework_Datasets/dataset/attacked-dataset/no-defence/preset_1/ssah/koncept/10050349236.png,41.652809143066406,41.345680236816406,41.98332214355469
../../../../data/DIONE/work/Framework_Datasets/dataset/attacked-dataset/no-defence/preset_1/ssah/koncept/10031298826.png,49.59638214111328,49.46321868896485,49.6806869506836
../../../../data/DIONE/work/Framework_Datasets/dataset/attacked-dataset/no-defence/preset_1/ssah/koncept/10027582235.png,53.65961456298828,53.39140319824219,53.98529052734375
../../../../data/DIONE/work/Framework_Datasets/dataset/attacked-dataset/no-defence/preset_1/patch-rs/koncept/3525647615.png,63.81378173828125,63.42477416992188,64.13948059082031
../../../../data/DIONE/work/Framework_Datasets/dataset/attacked-dataset/no-defence/preset_1/patch-rs/koncept/3395475764.png,57.59600830078125,57.38346099853516,57.76399230957031
../../../../data/DIONE/work/Framework_Datasets/dataset/attacked-dataset/no-defence/preset_1/patch-rs/koncept/3390605400.png,55.3642578125,55.101318359375,55.59687805175781
../../../../data/DIONE/work/Framework_Datasets/dataset/attacked-dataset/no-defence/preset_1/patch-rs/koncept/3228786952.png,56.61321258544922,56.258750915527344,56.90763854980469
../../../../data/DIONE/work/Framework_Datasets/dataset/attacked-dataset/no-defence/preset_1/patch-rs/koncept/2790138273.png,60.74037170410156,60.33323669433594,61.095481872558594
../../../../data/DIONE/work/Framework_Datasets/dataset/attacked-dataset/no-defence/preset_1/patch-rs/koncept/2197636094.png,64.93586730957031,64.65604400634766,65.1935043334961
../../../../data/DIONE/work/Framework_Datasets/dataset/attacked-dataset/no-defence/preset_1/patch-rs/koncept/1572804254.png,58.19400787353516,57.93817138671875,58.45919036865234
../../../../data/DIONE/work/Framework_Datasets/dataset/attacked-dataset/no-defence/preset_1/patch-rs/koncept/1434258458.png,68.42784118652344,68.14303588867188,68.67272186279297
../../../../data/DIONE/work/Framework_Datasets/dataset/attacked-dataset/no-defence/preset_1/patch-rs/koncept/11004139923.png,70.18815612792969,70.15568542480469,70.22164916992188
../../../../data/DIONE/work/Framework_Datasets/dataset/attacked-dataset/no-defence/preset_1/patch-rs/koncept/10513907744.png,62.45317840576172,62.30517578125,62.631591796875
../../../../data/DIONE/work/Framework_Datasets/dataset/attacked-dataset/no-defence/preset_1/onepixel/koncept/3525647615.png,51.9124755859375,51.63209533691406,52.19099426269531
../../../../data/DIONE/work/Framework_Datasets/dataset/attacked-dataset/no-defence/preset_1/onepixel/koncept/3395475764.png,52.345977783203125,52.18984222412109,52.50747680664063
../../../../data/DIONE/work/Framework_Datasets/dataset/attacked-dataset/no-defence/preset_1/onepixel/koncept/3390605400.png,34.98944091796875,34.47870635986328,35.448455810546875
../../../../data/DIONE/work/Framework_Datasets/dataset/attacked-dataset/no-defence/preset_1/onepixel/koncept/3228786952.png,36.49614715576172,35.95477294921875,36.92802429199219
../../../../data/DIONE/work/Framework_Datasets/dataset/attacked-dataset/no-defence/preset_1/onepixel/koncept/2790138273.png,49.79718017578125,49.65092468261719,49.94135284423828
../../../../data/DIONE/work/Framework_Datasets/dataset/attacked-dataset/no-defence/preset_1/onepixel/koncept/2197636094.png,55.138404846191406,54.86278533935547,55.4678955078125
../../../../data/DIONE/work/Framework_Datasets/dataset/attacked-dataset/no-defence/preset_1/onepixel/koncept/1572804254.png,45.37911224365234,45.09225463867188,45.69544982910156
../../../../data/DIONE/work/Framework_Datasets/dataset/attacked-dataset/no-defence/preset_1/onepixel/koncept/1434258458.png,55.229637145996094,54.940032958984375,55.543701171875
../../../../data/DIONE/work/Framework_Datasets/dataset/attacked-dataset/no-defence/preset_1/onepixel/koncept/11004139923.png,68.85693359375,68.84561920166016,68.8668441772461
../../../../data/DIONE/work/Framework_Datasets/dataset/attacked-dataset/no-defence/preset_1/onepixel/koncept/10513907744.png,47.85893249511719,47.54872131347656,48.10150146484375
../../../../data/DIONE/work/Framework_Datasets/dataset/attacked-dataset/no-defence/preset_1/korhonen-et-al/koncept/1026198859.png,57.33329772949219,57.19506072998047,57.48340606689453
../../../../data/DIONE/work/Framework_Datasets/dataset/attacked-dataset/no-defence/preset_1/korhonen-et-al/koncept/10244314384.png,34.21012878417969,33.876564025878906,34.54204559326172
../../../../data/DIONE/work/Framework_Datasets/dataset/attacked-dataset/no-defence/preset_1/korhonen-et-al/koncept/10155925686.png,42.35310363769531,41.99445343017578,42.69002532958984
../../../../data/DIONE/work/Framework_Datasets/dataset/attacked-dataset/no-defence/preset_1/korhonen-et-al/koncept/10147970884.png,60.19597625732422,59.97600555419922,60.46160125732422
../../../../data/DIONE/work/Framework_Datasets/dataset/attacked-dataset/no-defence/preset_1/korhonen-et-al/koncept/10111411235.png,41.10094451904297,40.86475372314453,41.34070587158203
../../../../data/DIONE/work/Framework_Datasets/dataset/attacked-dataset/no-defence/preset_1/korhonen-et-al/koncept/10094235786.png,50.79100036621094,50.459228515625,51.057037353515625
../../../../data/DIONE/work/Framework_Datasets/dataset/attacked-dataset/no-defence/preset_1/korhonen-et-al/koncept/10091520555.png,37.33605194091797,36.73958587646485,37.97230529785156
../../../../data/DIONE/work/Framework_Datasets/dataset/attacked-dataset/no-defence/preset_1/korhonen-et-al/koncept/10050349236.png,41.95295715332031,41.624000549316406,42.26634216308594
../../../../data/DIONE/work/Framework_Datasets/dataset/attacked-dataset/no-defence/preset_1/korhonen-et-al/koncept/10031298826.png,50.02338409423828,49.87485504150391,50.232818603515625
../../../../data/DIONE/work/Framework_Datasets/dataset/attacked-dataset/no-defence/preset_1/korhonen-et-al/koncept/10027582235.png,54.522369384765625,54.24429321289063,54.844146728515625
../../../../data/DIONE/work/Framework_Datasets/dataset/attacked-dataset/no-defence/preset_1/grad-est/koncept/3525647615.png,52.06196594238281,51.80670928955078,52.35179901123047
../../../../data/DIONE/work/Framework_Datasets/dataset/attacked-dataset/no-defence/preset_1/grad-est/koncept/3395475764.png,52.51622772216797,52.345359802246094,52.66340637207031
../../../../data/DIONE/work/Framework_Datasets/dataset/attacked-dataset/no-defence/preset_1/grad-est/koncept/3390605400.png,33.32807922363281,32.909751892089844,33.75091552734375
../../../../data/DIONE/work/Framework_Datasets/dataset/attacked-dataset/no-defence/preset_1/grad-est/koncept/3228786952.png,35.17227935791016,34.571556091308594,35.70770263671875
../../../../data/DIONE/work/Framework_Datasets/dataset/attacked-dataset/no-defence/preset_1/grad-est/koncept/2790138273.png,49.62284851074219,49.41103363037109,49.79022216796875
../../../../data/DIONE/work/Framework_Datasets/dataset/attacked-dataset/no-defence/preset_1/grad-est/koncept/2197636094.png,54.78043365478516,54.52728271484375,55.06233215332031
../../../../data/DIONE/work/Framework_Datasets/dataset/attacked-dataset/no-defence/preset_1/grad-est/koncept/1572804254.png,45.44100189208984,45.120079040527344,45.747894287109375
../../../../data/DIONE/work/Framework_Datasets/dataset/attacked-dataset/no-defence/preset_1/grad-est/koncept/1434258458.png,55.77593231201172,55.44310760498047,56.099388122558594
../../../../data/DIONE/work/Framework_Datasets/dataset/attacked-dataset/no-defence/preset_1/grad-est/koncept/11004139923.png,68.86598205566406,68.85523223876953,68.8760757446289
../../../../data/DIONE/work/Framework_Datasets/dataset/attacked-dataset/no-defence/preset_1/grad-est/koncept/10513907744.png,47.85344696044922,47.58690643310547,48.11069488525391
../../../../data/DIONE/work/Framework_Datasets/dataset/attacked-dataset/no-defence/preset_1/cadv/koncept/1026198859.png,59.210105895996094,59.06539916992188,59.373802185058594
../../../../data/DIONE/work/Framework_Datasets/dataset/attacked-dataset/no-defence/preset_1/cadv/koncept/10244314384.png,35.08927917480469,34.75823211669922,35.38042449951172
../../../../data/DIONE/work/Framework_Datasets/dataset/attacked-dataset/no-defence/preset_1/cadv/koncept/10155925686.png,49.48618316650391,49.30845642089844,49.66853332519531
../../../../data/DIONE/work/Framework_Datasets/dataset/attacked-dataset/no-defence/preset_1/cadv/koncept/10147970884.png,62.814720153808594,62.553321838378906,63.12177276611328
../../../../data/DIONE/work/Framework_Datasets/dataset/attacked-dataset/no-defence/preset_1/cadv/koncept/10111411235.png,45.685096740722656,45.38735961914063,45.98979187011719
../../../../data/DIONE/work/Framework_Datasets/dataset/attacked-dataset/no-defence/preset_1/cadv/koncept/10094235786.png,54.171348571777344,53.82456207275391,54.634422302246094
../../../../data/DIONE/work/Framework_Datasets/dataset/attacked-dataset/no-defence/preset_1/cadv/koncept/10091520555.png,37.04863739013672,36.51116943359375,37.62353515625
../../../../data/DIONE/work/Framework_Datasets/dataset/attacked-dataset/no-defence/preset_1/cadv/koncept/10050349236.png,44.10324096679688,43.7509765625,44.469459533691406
../../../../data/DIONE/work/Framework_Datasets/dataset/attacked-dataset/no-defence/preset_1/cadv/koncept/10031298826.png,51.882286071777344,51.588966369628906,52.193992614746094
../../../../data/DIONE/work/Framework_Datasets/dataset/attacked-dataset/no-defence/preset_1/cadv/koncept/10027582235.png,56.32272338867188,56.00104522705078,56.626686096191406
../../../../data/DIONE/work/Framework_Datasets/dataset/attacked-dataset/no-defence/preset_0/zhang-et-al-dists/koncept/1026198859.png,56.39116668701172,56.23406219482422,56.57148742675781
../../../../data/DIONE/work/Framework_Datasets/dataset/attacked-dataset/no-defence/preset_0/zhang-et-al-dists/koncept/10244314384.png,34.11024475097656,33.745704650878906,34.39879608154297
../../../../data/DIONE/work/Framework_Datasets/dataset/attacked-dataset/no-defence/preset_0/zhang-et-al-dists/koncept/10155925686.png,41.51807403564453,41.18146514892578,41.88764953613281
../../../../data/DIONE/work/Framework_Datasets/dataset/attacked-dataset/no-defence/preset_0/zhang-et-al-dists/koncept/10147970884.png,59.28798675537109,59.067344665527344,59.53363037109375
../../../../data/DIONE/work/Framework_Datasets/dataset/attacked-dataset/no-defence/preset_0/zhang-et-al-dists/koncept/10111411235.png,40.15629577636719,39.8794174194336,40.42026519775391
../../../../data/DIONE/work/Framework_Datasets/dataset/attacked-dataset/no-defence/preset_0/zhang-et-al-dists/koncept/10094235786.png,49.72579956054688,49.57178497314453,49.83381652832031
../../../../data/DIONE/work/Framework_Datasets/dataset/attacked-dataset/no-defence/preset_0/zhang-et-al-dists/koncept/10091520555.png,36.54522705078125,35.895263671875,37.23841094970703
../../../../data/DIONE/work/Framework_Datasets/dataset/attacked-dataset/no-defence/preset_0/zhang-et-al-dists/koncept/10050349236.png,41.7806396484375,41.44564056396485,42.08099365234375
../../../../data/DIONE/work/Framework_Datasets/dataset/attacked-dataset/no-defence/preset_0/zhang-et-al-dists/koncept/10031298826.png,49.55120849609375,49.39826202392578,49.66350555419922
../../../../data/DIONE/work/Framework_Datasets/dataset/attacked-dataset/no-defence/preset_0/zhang-et-al-dists/koncept/10027582235.png,53.39614868164063,53.16765594482422,53.69811248779297
../../../../data/DIONE/work/Framework_Datasets/dataset/attacked-dataset/no-defence/preset_0/stadv/koncept/1026198859.png,54.53165435791016,54.35414123535156,54.74696350097656
../../../../data/DIONE/work/Framework_Datasets/dataset/attacked-dataset/no-defence/preset_0/stadv/koncept/10244314384.png,33.78936767578125,33.46552276611328,34.117576599121094
../../../../data/DIONE/work/Framework_Datasets/dataset/attacked-dataset/no-defence/preset_0/stadv/koncept/10155925686.png,40.36688995361328,40.07585144042969,40.65785217285156
../../../../data/DIONE/work/Framework_Datasets/dataset/attacked-dataset/no-defence/preset_0/stadv/koncept/10147970884.png,57.78645324707031,57.56430816650391,57.99648284912109
../../../../data/DIONE/work/Framework_Datasets/dataset/attacked-dataset/no-defence/preset_0/stadv/koncept/10111411235.png,37.47612762451172,37.205322265625,37.80303955078125
../../../../data/DIONE/work/Framework_Datasets/dataset/attacked-dataset/no-defence/preset_0/stadv/koncept/10094235786.png,47.78721618652344,47.44519805908203,48.17388153076172
../../../../data/DIONE/work/Framework_Datasets/dataset/attacked-dataset/no-defence/preset_0/stadv/koncept/10091520555.png,35.537742614746094,34.85302734375,36.23566436767578
../../../../data/DIONE/work/Framework_Datasets/dataset/attacked-dataset/no-defence/preset_0/stadv/koncept/10050349236.png,41.20506286621094,40.86934661865234,41.52296447753906
../../../../data/DIONE/work/Framework_Datasets/dataset/attacked-dataset/no-defence/preset_0/stadv/koncept/10031298826.png,48.24888610839844,47.924560546875,48.53038787841797
../../../../data/DIONE/work/Framework_Datasets/dataset/attacked-dataset/no-defence/preset_0/stadv/koncept/10027582235.png,51.953163146972656,51.74623107910156,52.14667510986328
../../../../data/DIONE/work/Framework_Datasets/dataset/attacked-dataset/no-defence/preset_0/square-attack/koncept/3525647615.png,52.46465301513672,52.15930938720703,52.73197937011719
../../../../data/DIONE/work/Framework_Datasets/dataset/attacked-dataset/no-defence/preset_0/square-attack/koncept/3395475764.png,52.5511474609375,52.39374542236328,52.71290588378906
../../../../data/DIONE/work/Framework_Datasets/dataset/attacked-dataset/no-defence/preset_0/square-attack/koncept/3390605400.png,33.56617736816406,33.18962860107422,34.044342041015625
../../../../data/DIONE/work/Framework_Datasets/dataset/attacked-dataset/no-defence/preset_0/square-attack/koncept/3228786952.png,35.69940185546875,35.15245056152344,36.28559875488281
../../../../data/DIONE/work/Framework_Datasets/dataset/attacked-dataset/no-defence/preset_0/square-attack/koncept/2790138273.png,49.72069549560547,49.54133605957031,49.83745574951172
../../../../data/DIONE/work/Framework_Datasets/dataset/attacked-dataset/no-defence/preset_0/square-attack/koncept/2197636094.png,54.96240234375,54.68096160888672,55.21395111083984
../../../../data/DIONE/work/Framework_Datasets/dataset/attacked-dataset/no-defence/preset_0/square-attack/koncept/1572804254.png,45.69518280029297,45.405609130859375,45.95409393310547
../../../../data/DIONE/work/Framework_Datasets/dataset/attacked-dataset/no-defence/preset_0/square-attack/koncept/1434258458.png,55.41954040527344,55.144508361816406,55.72405242919922
../../../../data/DIONE/work/Framework_Datasets/dataset/attacked-dataset/no-defence/preset_0/square-attack/koncept/11004139923.png,68.86723327636719,68.85664367675781,68.87728881835938
../../../../data/DIONE/work/Framework_Datasets/dataset/attacked-dataset/no-defence/preset_0/square-attack/koncept/10513907744.png,47.90614318847656,47.64039611816406,48.156517028808594
../../../../data/DIONE/work/Framework_Datasets/dataset/attacked-dataset/no-defence/preset_0/parsimonious/koncept/3525647615.png,57.97087860107422,57.72285461425781,58.22265625
../../../../data/DIONE/work/Framework_Datasets/dataset/attacked-dataset/no-defence/preset_0/parsimonious/koncept/3395475764.png,54.72013854980469,54.51251983642578,54.91673278808594
../../../../data/DIONE/work/Framework_Datasets/dataset/attacked-dataset/no-defence/preset_0/parsimonious/koncept/3390605400.png,38.54972076416016,38.21405029296875,38.91825866699219
../../../../data/DIONE/work/Framework_Datasets/dataset/attacked-dataset/no-defence/preset_0/parsimonious/koncept/3228786952.png,34.33573913574219,33.721771240234375,35.05689239501953
../../../../data/DIONE/work/Framework_Datasets/dataset/attacked-dataset/no-defence/preset_0/parsimonious/koncept/2790138273.png,51.09066009521485,50.857078552246094,51.30919647216797
../../../../data/DIONE/work/Framework_Datasets/dataset/attacked-dataset/no-defence/preset_0/parsimonious/koncept/2197636094.png,56.61323547363281,56.28868103027344,56.96953582763672
../../../../data/DIONE/work/Framework_Datasets/dataset/attacked-dataset/no-defence/preset_0/parsimonious/koncept/1572804254.png,47.30238342285156,47.0440673828125,47.57146453857422
../../../../data/DIONE/work/Framework_Datasets/dataset/attacked-dataset/no-defence/preset_0/parsimonious/koncept/1434258458.png,60.945045471191406,60.57404327392578,61.371131896972656
../../../../data/DIONE/work/Framework_Datasets/dataset/attacked-dataset/no-defence/preset_0/parsimonious/koncept/11004139923.png,69.19416046142578,69.18304443359375,69.2047119140625
../../../../data/DIONE/work/Framework_Datasets/dataset/attacked-dataset/no-defence/preset_0/parsimonious/koncept/10513907744.png,49.24190521240234,49.139198303222656,49.34627532958984
../../../../data/DIONE/work/Framework_Datasets/dataset/attacked-dataset/no-defence/preset_0/madc/koncept/1026198859.png,54.71583557128906,54.51141357421875,54.93678283691406
../../../../data/DIONE/work/Framework_Datasets/dataset/attacked-dataset/no-defence/preset_0/madc/koncept/10244314384.png,33.862579345703125,33.476165771484375,34.213897705078125
../../../../data/DIONE/work/Framework_Datasets/dataset/attacked-dataset/no-defence/preset_0/madc/koncept/10155925686.png,40.542701721191406,40.247535705566406,40.85199737548828
../../../../data/DIONE/work/Framework_Datasets/dataset/attacked-dataset/no-defence/preset_0/madc/koncept/10147970884.png,58.19990539550781,57.99736785888672,58.36985778808594
../../../../data/DIONE/work/Framework_Datasets/dataset/attacked-dataset/no-defence/preset_0/madc/koncept/10111411235.png,38.00597381591797,37.68013000488281,38.36188507080078
../../../../data/DIONE/work/Framework_Datasets/dataset/attacked-dataset/no-defence/preset_0/madc/koncept/10094235786.png,48.49928283691406,48.122825622558594,48.8154525756836
../../../../data/DIONE/work/Framework_Datasets/dataset/attacked-dataset/no-defence/preset_0/madc/koncept/10091520555.png,36.00440979003906,35.21329498291016,36.65275573730469
../../../../data/DIONE/work/Framework_Datasets/dataset/attacked-dataset/no-defence/preset_0/madc/koncept/10050349236.png,41.34864044189453,41.01310729980469,41.66621398925781
../../../../data/DIONE/work/Framework_Datasets/dataset/attacked-dataset/no-defence/preset_0/madc/koncept/10031298826.png,48.47739410400391,48.22114562988281,48.71324920654297
../../../../data/DIONE/work/Framework_Datasets/dataset/attacked-dataset/no-defence/preset_0/madc/koncept/10027582235.png,52.34782409667969,52.11349487304688,52.60176849365234
../../../../data/DIONE/work/Framework_Datasets/dataset/attacked-dataset/no-defence/preset_0/ifgsm/koncept/1026198859.png,56.265281677246094,56.087440490722656,56.4389877319336
../../../../data/DIONE/work/Framework_Datasets/dataset/attacked-dataset/no-defence/preset_0/ifgsm/koncept/10244314384.png,34.059234619140625,33.680992126464844,34.40899658203125
../../../../data/DIONE/work/Framework_Datasets/dataset/attacked-dataset/no-defence/preset_0/ifgsm/koncept/10155925686.png,41.45753479003906,41.13298034667969,41.80345916748047
../../../../data/DIONE/work/Framework_Datasets/dataset/attacked-dataset/no-defence/preset_0/ifgsm/koncept/10147970884.png,59.34971618652344,59.090065002441406,59.60739135742188
../../../../data/DIONE/work/Framework_Datasets/dataset/attacked-dataset/no-defence/preset_0/ifgsm/koncept/10111411235.png,40.00138854980469,39.709991455078125,40.32135772705078
../../../../data/DIONE/work/Framework_Datasets/dataset/attacked-dataset/no-defence/preset_0/ifgsm/koncept/10094235786.png,49.57518005371094,49.40049743652344,49.72735595703125
../../../../data/DIONE/work/Framework_Datasets/dataset/attacked-dataset/no-defence/preset_0/ifgsm/koncept/10091520555.png,36.48041534423828,35.95569610595703,37.139251708984375
../../../../data/DIONE/work/Framework_Datasets/dataset/attacked-dataset/no-defence/preset_0/ifgsm/koncept/10050349236.png,41.6419677734375,41.310997009277344,41.98500061035156
../../../../data/DIONE/work/Framework_Datasets/dataset/attacked-dataset/no-defence/preset_0/ifgsm/koncept/10031298826.png,49.51045227050781,49.356056213378906,49.631141662597656
../../../../data/DIONE/work/Framework_Datasets/dataset/attacked-dataset/no-defence/preset_0/ifgsm/koncept/10027582235.png,53.45936584472656,53.23188781738281,53.73206329345703
../../../../data/DIONE/work/Framework_Datasets/dataset/attacked-dataset/no-defence/preset_0/cnn-attack/koncept/1026198859.png,54.57469177246094,54.381935119628906,54.76322937011719
../../../../data/DIONE/work/Framework_Datasets/dataset/attacked-dataset/no-defence/preset_0/cnn-attack/koncept/10244314384.png,33.740272521972656,33.35272216796875,34.08812713623047
../../../../data/DIONE/work/Framework_Datasets/dataset/attacked-dataset/no-defence/preset_0/cnn-attack/koncept/10155925686.png,40.25373840332031,39.91120910644531,40.54166412353516
../../../../data/DIONE/work/Framework_Datasets/dataset/attacked-dataset/no-defence/preset_0/cnn-attack/koncept/10147970884.png,57.84230041503906,57.612892150878906,58.04142761230469
../../../../data/DIONE/work/Framework_Datasets/dataset/attacked-dataset/no-defence/preset_0/cnn-attack/koncept/10111411235.png,37.50243377685547,37.214942932128906,37.81781768798828
../../../../data/DIONE/work/Framework_Datasets/dataset/attacked-dataset/no-defence/preset_0/cnn-attack/koncept/10094235786.png,47.91358184814453,47.586273193359375,48.30470275878906
../../../../data/DIONE/work/Framework_Datasets/dataset/attacked-dataset/no-defence/preset_0/cnn-attack/koncept/10091520555.png,35.051055908203125,34.29570770263672,35.735008239746094
../../../../data/DIONE/work/Framework_Datasets/dataset/attacked-dataset/no-defence/preset_0/cnn-attack/koncept/10050349236.png,40.987571716308594,40.687774658203125,41.33721923828125
../../../../data/DIONE/work/Framework_Datasets/dataset/attacked-dataset/no-defence/preset_0/cnn-attack/koncept/10031298826.png,48.31415557861328,47.99394989013672,48.60577392578125
../../../../data/DIONE/work/Framework_Datasets/dataset/attacked-dataset/no-defence/preset_0/cnn-attack/koncept/10027582235.png,51.88956451416016,51.645164489746094,52.11650085449219
../../../../data/DIONE/work/Framework_Datasets/dataset/attacked-dataset/no-defence/preset_0/uap/koncept/1026198859.png,54.51454162597656,54.33705139160156,54.67217254638672
../../../../data/DIONE/work/Framework_Datasets/dataset/attacked-dataset/no-defence/preset_0/uap/koncept/10244314384.png,34.04674530029297,33.72291564941406,34.373329162597656
../../../../data/DIONE/work/Framework_Datasets/dataset/attacked-dataset/no-defence/preset_0/uap/koncept/10155925686.png,40.432861328125,40.14112091064453,40.733428955078125
../../../../data/DIONE/work/Framework_Datasets/dataset/attacked-dataset/no-defence/preset_0/uap/koncept/10147970884.png,57.820762634277344,57.603477478027344,58.01598358154297
../../../../data/DIONE/work/Framework_Datasets/dataset/attacked-dataset/no-defence/preset_0/uap/koncept/10111411235.png,37.49454498291016,37.19280242919922,37.80830383300781
../../../../data/DIONE/work/Framework_Datasets/dataset/attacked-dataset/no-defence/preset_0/uap/koncept/10094235786.png,47.70648956298828,47.34758758544922,48.05298614501953
../../../../data/DIONE/work/Framework_Datasets/dataset/attacked-dataset/no-defence/preset_0/uap/koncept/10091520555.png,35.808128356933594,35.142303466796875,36.486572265625
../../../../data/DIONE/work/Framework_Datasets/dataset/attacked-dataset/no-defence/preset_0/uap/koncept/10050349236.png,41.21754455566406,40.90936279296875,41.536468505859375
../../../../data/DIONE/work/Framework_Datasets/dataset/attacked-dataset/no-defence/preset_0/uap/koncept/10031298826.png,48.3065185546875,48.00169372558594,48.54503631591797
../../../../data/DIONE/work/Framework_Datasets/dataset/attacked-dataset/no-defence/preset_0/uap/koncept/10027582235.png,51.89338684082031,51.65764617919922,52.12511444091797
../../../../data/DIONE/work/Framework_Datasets/dataset/attacked-dataset/no-defence/preset_0/ssah/koncept/1026198859.png,55.73915863037109,55.55565643310547,55.92760467529297
../../../../data/DIONE/work/Framework_Datasets/dataset/attacked-dataset/no-defence/preset_0/ssah/koncept/10244314384.png,33.99698638916016,33.649322509765625,34.297447204589844
../../../../data/DIONE/work/Framework_Datasets/dataset/attacked-dataset/no-defence/preset_0/ssah/koncept/10155925686.png,41.09162902832031,40.76200866699219,41.413307189941406
../../../../data/DIONE/work/Framework_Datasets/dataset/attacked-dataset/no-defence/preset_0/ssah/koncept/10147970884.png,58.67497253417969,58.50346374511719,58.86132049560547
../../../../data/DIONE/work/Framework_Datasets/dataset/attacked-dataset/no-defence/preset_0/ssah/koncept/10111411235.png,39.48596954345703,39.224884033203125,39.79000854492188
../../../../data/DIONE/work/Framework_Datasets/dataset/attacked-dataset/no-defence/preset_0/ssah/koncept/10094235786.png,49.40619659423828,49.251441955566406,49.58355712890625
../../../../data/DIONE/work/Framework_Datasets/dataset/attacked-dataset/no-defence/preset_0/ssah/koncept/10091520555.png,36.381935119628906,35.727569580078125,37.01268005371094
../../../../data/DIONE/work/Framework_Datasets/dataset/attacked-dataset/no-defence/preset_0/ssah/koncept/10050349236.png,41.51180267333984,41.18932342529297,41.86444091796875
../../../../data/DIONE/work/Framework_Datasets/dataset/attacked-dataset/no-defence/preset_0/ssah/koncept/10031298826.png,49.30254364013672,49.15784454345703,49.46735382080078
../../../../data/DIONE/work/Framework_Datasets/dataset/attacked-dataset/no-defence/preset_0/ssah/koncept/10027582235.png,52.98462677001953,52.77870178222656,53.19879913330078
../../../../data/DIONE/work/Framework_Datasets/dataset/attacked-dataset/no-defence/preset_0/patch-rs/koncept/3525647615.png,64.94959259033203,64.59770202636719,65.23127746582031
../../../../data/DIONE/work/Framework_Datasets/dataset/attacked-dataset/no-defence/preset_0/patch-rs/koncept/3395475764.png,56.964691162109375,56.79507446289063,57.123626708984375
../../../../data/DIONE/work/Framework_Datasets/dataset/attacked-dataset/no-defence/preset_0/patch-rs/koncept/3390605400.png,60.66722869873047,60.48194885253906,60.87793731689453
../../../../data/DIONE/work/Framework_Datasets/dataset/attacked-dataset/no-defence/preset_0/patch-rs/koncept/3228786952.png,61.44917297363281,61.17186737060547,61.70037078857422
../../../../data/DIONE/work/Framework_Datasets/dataset/attacked-dataset/no-defence/preset_0/patch-rs/koncept/2790138273.png,64.62242889404297,64.3030776977539,64.89662170410156
../../../../data/DIONE/work/Framework_Datasets/dataset/attacked-dataset/no-defence/preset_0/patch-rs/koncept/2197636094.png,69.57340240478516,69.40481567382812,69.72319030761719
../../../../data/DIONE/work/Framework_Datasets/dataset/attacked-dataset/no-defence/preset_0/patch-rs/koncept/1572804254.png,62.67254638671875,62.43772888183594,62.919654846191406
../../../../data/DIONE/work/Framework_Datasets/dataset/attacked-dataset/no-defence/preset_0/patch-rs/koncept/1434258458.png,66.77149200439453,66.52580261230469,67.00324249267578
../../../../data/DIONE/work/Framework_Datasets/dataset/attacked-dataset/no-defence/preset_0/patch-rs/koncept/11004139923.png,71.51130676269531,71.45631408691406,71.56036376953125
../../../../data/DIONE/work/Framework_Datasets/dataset/attacked-dataset/no-defence/preset_0/patch-rs/koncept/10513907744.png,65.33367156982422,65.12155151367188,65.52293395996094
../../../../data/DIONE/work/Framework_Datasets/dataset/attacked-dataset/no-defence/preset_0/onepixel/koncept/3525647615.png,51.86064910888672,51.59056091308594,52.14424133300781
../../../../data/DIONE/work/Framework_Datasets/dataset/attacked-dataset/no-defence/preset_0/onepixel/koncept/3395475764.png,52.34017181396485,52.17057800292969,52.50727081298828
../../../../data/DIONE/work/Framework_Datasets/dataset/attacked-dataset/no-defence/preset_0/onepixel/koncept/3390605400.png,34.22229766845703,33.75337219238281,34.6103515625
../../../../data/DIONE/work/Framework_Datasets/dataset/attacked-dataset/no-defence/preset_0/onepixel/koncept/3228786952.png,35.73810577392578,35.186058044433594,36.233360290527344
../../../../data/DIONE/work/Framework_Datasets/dataset/attacked-dataset/no-defence/preset_0/onepixel/koncept/2790138273.png,49.80442810058594,49.66126251220703,49.94228363037109
../../../../data/DIONE/work/Framework_Datasets/dataset/attacked-dataset/no-defence/preset_0/onepixel/koncept/2197636094.png,54.86025238037109,54.59555816650391,55.13916015625
../../../../data/DIONE/work/Framework_Datasets/dataset/attacked-dataset/no-defence/preset_0/onepixel/koncept/1572804254.png,45.65863800048828,45.36475372314453,45.94688415527344
../../../../data/DIONE/work/Framework_Datasets/dataset/attacked-dataset/no-defence/preset_0/onepixel/koncept/1434258458.png,55.191925048828125,54.912445068359375,55.52532196044922
../../../../data/DIONE/work/Framework_Datasets/dataset/attacked-dataset/no-defence/preset_0/onepixel/koncept/11004139923.png,68.85990905761719,68.84823608398438,68.86930084228516
../../../../data/DIONE/work/Framework_Datasets/dataset/attacked-dataset/no-defence/preset_0/onepixel/koncept/10513907744.png,47.899688720703125,47.62416076660156,48.13117218017578
../../../../data/DIONE/work/Framework_Datasets/dataset/attacked-dataset/no-defence/preset_0/korhonen-et-al/koncept/1026198859.png,56.26799774169922,56.10295104980469,56.42716217041016
../../../../data/DIONE/work/Framework_Datasets/dataset/attacked-dataset/no-defence/preset_0/korhonen-et-al/koncept/10244314384.png,34.10099029541016,33.74346923828125,34.40185546875
../../../../data/DIONE/work/Framework_Datasets/dataset/attacked-dataset/no-defence/preset_0/korhonen-et-al/koncept/10155925686.png,41.399208068847656,41.05364990234375,41.77477264404297
../../../../data/DIONE/work/Framework_Datasets/dataset/attacked-dataset/no-defence/preset_0/korhonen-et-al/koncept/10147970884.png,59.078948974609375,58.853736877441406,59.31270599365234
../../../../data/DIONE/work/Framework_Datasets/dataset/attacked-dataset/no-defence/preset_0/korhonen-et-al/koncept/10111411235.png,39.73892211914063,39.46318817138672,40.02281188964844
../../../../data/DIONE/work/Framework_Datasets/dataset/attacked-dataset/no-defence/preset_0/korhonen-et-al/koncept/10094235786.png,49.661529541015625,49.47715759277344,49.792747497558594
../../../../data/DIONE/work/Framework_Datasets/dataset/attacked-dataset/no-defence/preset_0/korhonen-et-al/koncept/10091520555.png,36.55646514892578,35.853515625,37.19731903076172
../../../../data/DIONE/work/Framework_Datasets/dataset/attacked-dataset/no-defence/preset_0/korhonen-et-al/koncept/10050349236.png,41.6536865234375,41.36027526855469,41.98192596435547
../../../../data/DIONE/work/Framework_Datasets/dataset/attacked-dataset/no-defence/preset_0/korhonen-et-al/koncept/10031298826.png,49.51601409912109,49.359901428222656,49.63623809814453
../../../../data/DIONE/work/Framework_Datasets/dataset/attacked-dataset/no-defence/preset_0/korhonen-et-al/koncept/10027582235.png,53.28343200683594,53.066871643066406,53.545684814453125
../../../../data/DIONE/work/Framework_Datasets/dataset/attacked-dataset/no-defence/preset_0/grad-est/koncept/3525647615.png,51.88500213623047,51.62084197998047,52.19515228271485
../../../../data/DIONE/work/Framework_Datasets/dataset/attacked-dataset/no-defence/preset_0/grad-est/koncept/3395475764.png,52.39692687988281,52.229270935058594,52.548919677734375
../../../../data/DIONE/work/Framework_Datasets/dataset/attacked-dataset/no-defence/preset_0/grad-est/koncept/3390605400.png,33.168113708496094,32.71769714355469,33.57994842529297
../../../../data/DIONE/work/Framework_Datasets/dataset/attacked-dataset/no-defence/preset_0/grad-est/koncept/3228786952.png,35.36271667480469,34.853614807128906,35.93072509765625
../../../../data/DIONE/work/Framework_Datasets/dataset/attacked-dataset/no-defence/preset_0/grad-est/koncept/2790138273.png,49.614402770996094,49.39928436279297,49.76364135742188
../../../../data/DIONE/work/Framework_Datasets/dataset/attacked-dataset/no-defence/preset_0/grad-est/koncept/2197636094.png,54.70081329345703,54.47232055664063,54.98719787597656
../../../../data/DIONE/work/Framework_Datasets/dataset/attacked-dataset/no-defence/preset_0/grad-est/koncept/1572804254.png,45.371131896972656,45.05343627929688,45.6531982421875
../../../../data/DIONE/work/Framework_Datasets/dataset/attacked-dataset/no-defence/preset_0/grad-est/koncept/1434258458.png,55.385833740234375,55.108848571777344,55.66960906982422
../../../../data/DIONE/work/Framework_Datasets/dataset/attacked-dataset/no-defence/preset_0/grad-est/koncept/11004139923.png,68.85110473632812,68.8410873413086,68.86056518554688
../../../../data/DIONE/work/Framework_Datasets/dataset/attacked-dataset/no-defence/preset_0/grad-est/koncept/10513907744.png,47.80567169189453,47.54295349121094,48.044715881347656
../../../../data/DIONE/work/Framework_Datasets/dataset/attacked-dataset/no-defence/preset_0/cadv/koncept/1026198859.png,43.73299407958984,43.493919372558594,43.96807098388672
../../../../data/DIONE/work/Framework_Datasets/dataset/attacked-dataset/no-defence/preset_0/cadv/koncept/10244314384.png,37.51094055175781,37.15788269042969,37.85259246826172
../../../../data/DIONE/work/Framework_Datasets/dataset/attacked-dataset/no-defence/preset_0/cadv/koncept/10155925686.png,49.95174407958984,49.77574157714844,50.22116088867188
../../../../data/DIONE/work/Framework_Datasets/dataset/attacked-dataset/no-defence/preset_0/cadv/koncept/10147970884.png,63.03156280517578,62.75782012939453,63.28926086425781
../../../../data/DIONE/work/Framework_Datasets/dataset/attacked-dataset/no-defence/preset_0/cadv/koncept/10111411235.png,47.47997283935547,47.20822143554688,47.72644805908203
../../../../data/DIONE/work/Framework_Datasets/dataset/attacked-dataset/no-defence/preset_0/cadv/koncept/10094235786.png,57.99901580810547,57.70005035400391,58.295448303222656
../../../../data/DIONE/work/Framework_Datasets/dataset/attacked-dataset/no-defence/preset_0/cadv/koncept/10091520555.png,44.072662353515625,43.795448303222656,44.320068359375
../../../../data/DIONE/work/Framework_Datasets/dataset/attacked-dataset/no-defence/preset_0/cadv/koncept/10050349236.png,47.246803283691406,46.72425842285156,47.75566101074219
../../../../data/DIONE/work/Framework_Datasets/dataset/attacked-dataset/no-defence/preset_0/cadv/koncept/10031298826.png,54.592552185058594,54.3165283203125,54.84626007080078
../../../../data/DIONE/work/Framework_Datasets/dataset/attacked-dataset/no-defence/preset_0/cadv/koncept/10027582235.png,58.87687683105469,58.55183410644531,59.15302276611328
