path,score,radius
../../../../data/DIONE/work/Framework_Datasets/dataset/attacked-dataset/no-defence/preset_2/zhang-et-al-dists/fpr/1026198859.png,7,0.20126286069791058
../../../../data/DIONE/work/Framework_Datasets/dataset/attacked-dataset/no-defence/preset_2/zhang-et-al-dists/fpr/10244314384.png,4,0.2173591434169639
../../../../data/DIONE/work/Framework_Datasets/dataset/attacked-dataset/no-defence/preset_2/zhang-et-al-dists/fpr/10155925686.png,6,0.11595590415005
../../../../data/DIONE/work/Framework_Datasets/dataset/attacked-dataset/no-defence/preset_2/zhang-et-al-dists/fpr/10147970884.png,7,0.2741150213418841
../../../../data/DIONE/work/Framework_Datasets/dataset/attacked-dataset/no-defence/preset_2/zhang-et-al-dists/fpr/10111411235.png,6,0.1465232455433059
../../../../data/DIONE/work/Framework_Datasets/dataset/attacked-dataset/no-defence/preset_2/zhang-et-al-dists/fpr/10094235786.png,7,0.2061421555276433
../../../../data/DIONE/work/Framework_Datasets/dataset/attacked-dataset/no-defence/preset_2/zhang-et-al-dists/fpr/10091520555.png,4,0.1350027185476421
../../../../data/DIONE/work/Framework_Datasets/dataset/attacked-dataset/no-defence/preset_2/zhang-et-al-dists/fpr/10050349236.png,5,0.2315613701615572
../../../../data/DIONE/work/Framework_Datasets/dataset/attacked-dataset/no-defence/preset_2/zhang-et-al-dists/fpr/10031298826.png,7,0.0120351850799432
../../../../data/DIONE/work/Framework_Datasets/dataset/attacked-dataset/no-defence/preset_2/zhang-et-al-dists/fpr/10027582235.png,6,0.1848913917997825
../../../../data/DIONE/work/Framework_Datasets/dataset/attacked-dataset/no-defence/preset_2/stadv/fpr/1026198859.png,7,0.1836978044360269
../../../../data/DIONE/work/Framework_Datasets/dataset/attacked-dataset/no-defence/preset_2/stadv/fpr/10244314384.png,4,0.2239721165204706
../../../../data/DIONE/work/Framework_Datasets/dataset/attacked-dataset/no-defence/preset_2/stadv/fpr/10155925686.png,6,0.1208095221003439
../../../../data/DIONE/work/Framework_Datasets/dataset/attacked-dataset/no-defence/preset_2/stadv/fpr/10147970884.png,7,0.2829180684714185
../../../../data/DIONE/work/Framework_Datasets/dataset/attacked-dataset/no-defence/preset_2/stadv/fpr/10111411235.png,6,0.1707893558120848
../../../../data/DIONE/work/Framework_Datasets/dataset/attacked-dataset/no-defence/preset_2/stadv/fpr/10094235786.png,7,0.1982185430395389
../../../../data/DIONE/work/Framework_Datasets/dataset/attacked-dataset/no-defence/preset_2/stadv/fpr/10091520555.png,4,0.1494680161873081
../../../../data/DIONE/work/Framework_Datasets/dataset/attacked-dataset/no-defence/preset_2/stadv/fpr/10050349236.png,5,0.2315613701615572
../../../../data/DIONE/work/Framework_Datasets/dataset/attacked-dataset/no-defence/preset_2/stadv/fpr/10031298826.png,7,0.0674383006208926
../../../../data/DIONE/work/Framework_Datasets/dataset/attacked-dataset/no-defence/preset_2/stadv/fpr/10027582235.png,6,0.1967516595965042
../../../../data/DIONE/work/Framework_Datasets/dataset/attacked-dataset/no-defence/preset_2/square-attack/fpr/3525647615.png,-1,0.0
../../../../data/DIONE/work/Framework_Datasets/dataset/attacked-dataset/no-defence/preset_2/square-attack/fpr/3395475764.png,6,0.1589853151227595
../../../../data/DIONE/work/Framework_Datasets/dataset/attacked-dataset/no-defence/preset_2/square-attack/fpr/3390605400.png,-1,0.0
../../../../data/DIONE/work/Framework_Datasets/dataset/attacked-dataset/no-defence/preset_2/square-attack/fpr/3228786952.png,-1,0.0
../../../../data/DIONE/work/Framework_Datasets/dataset/attacked-dataset/no-defence/preset_2/square-attack/fpr/2790138273.png,6,0.0163279641744496
../../../../data/DIONE/work/Framework_Datasets/dataset/attacked-dataset/no-defence/preset_2/square-attack/fpr/2197636094.png,7,0.1898941672542275
../../../../data/DIONE/work/Framework_Datasets/dataset/attacked-dataset/no-defence/preset_2/square-attack/fpr/1572804254.png,5,0.0719386291546141
../../../../data/DIONE/work/Framework_Datasets/dataset/attacked-dataset/no-defence/preset_2/square-attack/fpr/1434258458.png,7,0.1813724138969503
../../../../data/DIONE/work/Framework_Datasets/dataset/attacked-dataset/no-defence/preset_2/square-attack/fpr/11004139923.png,8,0.1164845308272317
../../../../data/DIONE/work/Framework_Datasets/dataset/attacked-dataset/no-defence/preset_2/square-attack/fpr/10513907744.png,7,0.0883180059230711
../../../../data/DIONE/work/Framework_Datasets/dataset/attacked-dataset/no-defence/preset_2/parsimonious/fpr/3525647615.png,8,0.0138712485722167
../../../../data/DIONE/work/Framework_Datasets/dataset/attacked-dataset/no-defence/preset_2/parsimonious/fpr/3395475764.png,6,0.1660290506003864
../../../../data/DIONE/work/Framework_Datasets/dataset/attacked-dataset/no-defence/preset_2/parsimonious/fpr/3390605400.png,-1,0.0
../../../../data/DIONE/work/Framework_Datasets/dataset/attacked-dataset/no-defence/preset_2/parsimonious/fpr/3228786952.png,-1,0.0
../../../../data/DIONE/work/Framework_Datasets/dataset/attacked-dataset/no-defence/preset_2/parsimonious/fpr/2790138273.png,6,0.0514402305557102
../../../../data/DIONE/work/Framework_Datasets/dataset/attacked-dataset/no-defence/preset_2/parsimonious/fpr/2197636094.png,7,0.1758824148811935
../../../../data/DIONE/work/Framework_Datasets/dataset/attacked-dataset/no-defence/preset_2/parsimonious/fpr/1572804254.png,5,0.0535044863920217
../../../../data/DIONE/work/Framework_Datasets/dataset/attacked-dataset/no-defence/preset_2/parsimonious/fpr/1434258458.png,7,0.1997215431013814
../../../../data/DIONE/work/Framework_Datasets/dataset/attacked-dataset/no-defence/preset_2/parsimonious/fpr/11004139923.png,8,0.1517459240243027
../../../../data/DIONE/work/Framework_Datasets/dataset/attacked-dataset/no-defence/preset_2/parsimonious/fpr/10513907744.png,7,0.1258983279758888
../../../../data/DIONE/work/Framework_Datasets/dataset/attacked-dataset/no-defence/preset_2/madc/fpr/1026198859.png,7,0.2044703629251162
../../../../data/DIONE/work/Framework_Datasets/dataset/attacked-dataset/no-defence/preset_2/madc/fpr/10244314384.png,4,0.2373611498569439
../../../../data/DIONE/work/Framework_Datasets/dataset/attacked-dataset/no-defence/preset_2/madc/fpr/10155925686.png,6,0.1191670677114722
../../../../data/DIONE/work/Framework_Datasets/dataset/attacked-dataset/no-defence/preset_2/madc/fpr/10147970884.png,7,0.2829180684714185
../../../../data/DIONE/work/Framework_Datasets/dataset/attacked-dataset/no-defence/preset_2/madc/fpr/10111411235.png,6,0.1509797085165168
../../../../data/DIONE/work/Framework_Datasets/dataset/attacked-dataset/no-defence/preset_2/madc/fpr/10094235786.png,7,0.1967516595965042
../../../../data/DIONE/work/Framework_Datasets/dataset/attacked-dataset/no-defence/preset_2/madc/fpr/10091520555.png,4,0.1532999336649972
../../../../data/DIONE/work/Framework_Datasets/dataset/attacked-dataset/no-defence/preset_2/madc/fpr/10050349236.png,5,0.2194729169089379
../../../../data/DIONE/work/Framework_Datasets/dataset/attacked-dataset/no-defence/preset_2/madc/fpr/10031298826.png,7,0.0368019814224466
../../../../data/DIONE/work/Framework_Datasets/dataset/attacked-dataset/no-defence/preset_2/madc/fpr/10027582235.png,6,0.1898941672542275
../../../../data/DIONE/work/Framework_Datasets/dataset/attacked-dataset/no-defence/preset_2/ifgsm/fpr/1026198859.png,7,0.2061421555276433
../../../../data/DIONE/work/Framework_Datasets/dataset/attacked-dataset/no-defence/preset_2/ifgsm/fpr/10244314384.png,4,0.2263771722932536
../../../../data/DIONE/work/Framework_Datasets/dataset/attacked-dataset/no-defence/preset_2/ifgsm/fpr/10155925686.png,6,0.112836271356315
../../../../data/DIONE/work/Framework_Datasets/dataset/attacked-dataset/no-defence/preset_2/ifgsm/fpr/10147970884.png,7,0.2955915137736973
../../../../data/DIONE/work/Framework_Datasets/dataset/attacked-dataset/no-defence/preset_2/ifgsm/fpr/10111411235.png,6,0.1548839096039408
../../../../data/DIONE/work/Framework_Datasets/dataset/attacked-dataset/no-defence/preset_2/ifgsm/fpr/10094235786.png,7,0.1982185430395389
../../../../data/DIONE/work/Framework_Datasets/dataset/attacked-dataset/no-defence/preset_2/ifgsm/fpr/10091520555.png,4,0.1382415653390577
../../../../data/DIONE/work/Framework_Datasets/dataset/attacked-dataset/no-defence/preset_2/ifgsm/fpr/10050349236.png,5,0.2315613701615572
../../../../data/DIONE/work/Framework_Datasets/dataset/attacked-dataset/no-defence/preset_2/ifgsm/fpr/10031298826.png,7,0.0150983149257921
../../../../data/DIONE/work/Framework_Datasets/dataset/attacked-dataset/no-defence/preset_2/ifgsm/fpr/10027582235.png,6,0.1939183704368362
../../../../data/DIONE/work/Framework_Datasets/dataset/attacked-dataset/no-defence/preset_2/cnn-attack/fpr/1026198859.png,7,0.2476958661490875
../../../../data/DIONE/work/Framework_Datasets/dataset/attacked-dataset/no-defence/preset_2/cnn-attack/fpr/10244314384.png,4,0.1294387502782591
../../../../data/DIONE/work/Framework_Datasets/dataset/attacked-dataset/no-defence/preset_2/cnn-attack/fpr/10155925686.png,6,0.1020709947072371
../../../../data/DIONE/work/Framework_Datasets/dataset/attacked-dataset/no-defence/preset_2/cnn-attack/fpr/10147970884.png,7,0.2671572534670036
../../../../data/DIONE/work/Framework_Datasets/dataset/attacked-dataset/no-defence/preset_2/cnn-attack/fpr/10111411235.png,6,0.1540880828294091
../../../../data/DIONE/work/Framework_Datasets/dataset/attacked-dataset/no-defence/preset_2/cnn-attack/fpr/10094235786.png,7,0.1429781433036972
../../../../data/DIONE/work/Framework_Datasets/dataset/attacked-dataset/no-defence/preset_2/cnn-attack/fpr/10091520555.png,4,0.0874766440550458
../../../../data/DIONE/work/Framework_Datasets/dataset/attacked-dataset/no-defence/preset_2/cnn-attack/fpr/10050349236.png,5,0.2061421555276433
../../../../data/DIONE/work/Framework_Datasets/dataset/attacked-dataset/no-defence/preset_2/cnn-attack/fpr/10031298826.png,6,0.0029212878687158
../../../../data/DIONE/work/Framework_Datasets/dataset/attacked-dataset/no-defence/preset_2/cnn-attack/fpr/10027582235.png,6,0.178026559061629
../../../../data/DIONE/work/Framework_Datasets/dataset/attacked-dataset/no-defence/preset_2/uap/fpr/1026198859.png,7,0.1997215431013814
../../../../data/DIONE/work/Framework_Datasets/dataset/attacked-dataset/no-defence/preset_2/uap/fpr/10244314384.png,4,0.1848913917997825
../../../../data/DIONE/work/Framework_Datasets/dataset/attacked-dataset/no-defence/preset_2/uap/fpr/10155925686.png,6,0.0988369460875645
../../../../data/DIONE/work/Framework_Datasets/dataset/attacked-dataset/no-defence/preset_2/uap/fpr/10147970884.png,7,0.2955915137736973
../../../../data/DIONE/work/Framework_Datasets/dataset/attacked-dataset/no-defence/preset_2/uap/fpr/10111411235.png,6,0.1318719075769087
../../../../data/DIONE/work/Framework_Datasets/dataset/attacked-dataset/no-defence/preset_2/uap/fpr/10094235786.png,7,0.2153251260680027
../../../../data/DIONE/work/Framework_Datasets/dataset/attacked-dataset/no-defence/preset_2/uap/fpr/10091520555.png,4,0.1154298178015508
../../../../data/DIONE/work/Framework_Datasets/dataset/attacked-dataset/no-defence/preset_2/uap/fpr/10050349236.png,5,0.2173591434169639
../../../../data/DIONE/work/Framework_Datasets/dataset/attacked-dataset/no-defence/preset_2/uap/fpr/10031298826.png,-1,0.0
../../../../data/DIONE/work/Framework_Datasets/dataset/attacked-dataset/no-defence/preset_2/uap/fpr/10027582235.png,6,0.1861067913520763
../../../../data/DIONE/work/Framework_Datasets/dataset/attacked-dataset/no-defence/preset_2/ssah/fpr/1026198859.png,7,0.1967516595965042
../../../../data/DIONE/work/Framework_Datasets/dataset/attacked-dataset/no-defence/preset_2/ssah/fpr/10244314384.png,4,0.2153251260680027
../../../../data/DIONE/work/Framework_Datasets/dataset/attacked-dataset/no-defence/preset_2/ssah/fpr/10155925686.png,6,0.1175495512020295
../../../../data/DIONE/work/Framework_Datasets/dataset/attacked-dataset/no-defence/preset_2/ssah/fpr/10147970884.png,7,0.2741150213418841
../../../../data/DIONE/work/Framework_Datasets/dataset/attacked-dataset/no-defence/preset_2/ssah/fpr/10111411235.png,6,0.156499384086201
../../../../data/DIONE/work/Framework_Datasets/dataset/attacked-dataset/no-defence/preset_2/ssah/fpr/10094235786.png,7,0.1898941672542275
../../../../data/DIONE/work/Framework_Datasets/dataset/attacked-dataset/no-defence/preset_2/ssah/fpr/10091520555.png,4,0.1375846617165366
../../../../data/DIONE/work/Framework_Datasets/dataset/attacked-dataset/no-defence/preset_2/ssah/fpr/10050349236.png,5,0.2263771722932536
../../../../data/DIONE/work/Framework_Datasets/dataset/attacked-dataset/no-defence/preset_2/ssah/fpr/10031298826.png,7,0.024393715955667
../../../../data/DIONE/work/Framework_Datasets/dataset/attacked-dataset/no-defence/preset_2/ssah/fpr/10027582235.png,6,0.1791238831820415
../../../../data/DIONE/work/Framework_Datasets/dataset/attacked-dataset/no-defence/preset_2/patch-rs/fpr/3525647615.png,-1,0.0
../../../../data/DIONE/work/Framework_Datasets/dataset/attacked-dataset/no-defence/preset_2/patch-rs/fpr/3395475764.png,6,0.1678966785851359
../../../../data/DIONE/work/Framework_Datasets/dataset/attacked-dataset/no-defence/preset_2/patch-rs/fpr/3390605400.png,6,0.0008068428176614
../../../../data/DIONE/work/Framework_Datasets/dataset/attacked-dataset/no-defence/preset_2/patch-rs/fpr/3228786952.png,2,0.0423631940705665
../../../../data/DIONE/work/Framework_Datasets/dataset/attacked-dataset/no-defence/preset_2/patch-rs/fpr/2790138273.png,6,0.0450190691554973
../../../../data/DIONE/work/Framework_Datasets/dataset/attacked-dataset/no-defence/preset_2/patch-rs/fpr/2197636094.png,7,0.0719386291546141
../../../../data/DIONE/work/Framework_Datasets/dataset/attacked-dataset/no-defence/preset_2/patch-rs/fpr/1572804254.png,4,0.0256474501946431
../../../../data/DIONE/work/Framework_Datasets/dataset/attacked-dataset/no-defence/preset_2/patch-rs/fpr/1434258458.png,7,0.2028449129044628
../../../../data/DIONE/work/Framework_Datasets/dataset/attacked-dataset/no-defence/preset_2/patch-rs/fpr/11004139923.png,8,0.1836978044360269
../../../../data/DIONE/work/Framework_Datasets/dataset/attacked-dataset/no-defence/preset_2/patch-rs/fpr/10513907744.png,7,0.2012628606979105
../../../../data/DIONE/work/Framework_Datasets/dataset/attacked-dataset/no-defence/preset_2/onepixel/fpr/3525647615.png,8,0.0098994356586484
../../../../data/DIONE/work/Framework_Datasets/dataset/attacked-dataset/no-defence/preset_2/onepixel/fpr/3395475764.png,6,0.1925484320822977
../../../../data/DIONE/work/Framework_Datasets/dataset/attacked-dataset/no-defence/preset_2/onepixel/fpr/3390605400.png,5,0.0310210956330287
../../../../data/DIONE/work/Framework_Datasets/dataset/attacked-dataset/no-defence/preset_2/onepixel/fpr/3228786952.png,-1,0.0
../../../../data/DIONE/work/Framework_Datasets/dataset/attacked-dataset/no-defence/preset_2/onepixel/fpr/2790138273.png,6,0.0135648690474192
../../../../data/DIONE/work/Framework_Datasets/dataset/attacked-dataset/no-defence/preset_2/onepixel/fpr/2197636094.png,7,0.2012628606979105
../../../../data/DIONE/work/Framework_Datasets/dataset/attacked-dataset/no-defence/preset_2/onepixel/fpr/1572804254.png,5,0.0552392963445569
../../../../data/DIONE/work/Framework_Datasets/dataset/attacked-dataset/no-defence/preset_2/onepixel/fpr/1434258458.png,7,0.1748343587958747
../../../../data/DIONE/work/Framework_Datasets/dataset/attacked-dataset/no-defence/preset_2/onepixel/fpr/11004139923.png,8,0.2028449129044628
../../../../data/DIONE/work/Framework_Datasets/dataset/attacked-dataset/no-defence/preset_2/onepixel/fpr/10513907744.png,7,0.1113084594040615
../../../../data/DIONE/work/Framework_Datasets/dataset/attacked-dataset/no-defence/preset_2/korhonen-et-al/fpr/1026198859.png,7,0.2028449129044628
../../../../data/DIONE/work/Framework_Datasets/dataset/attacked-dataset/no-defence/preset_2/korhonen-et-al/fpr/10244314384.png,4,0.2315613701615572
../../../../data/DIONE/work/Framework_Datasets/dataset/attacked-dataset/no-defence/preset_2/korhonen-et-al/fpr/10155925686.png,6,0.1154298178015508
../../../../data/DIONE/work/Framework_Datasets/dataset/attacked-dataset/no-defence/preset_2/korhonen-et-al/fpr/10147970884.png,7,0.2671572534670036
../../../../data/DIONE/work/Framework_Datasets/dataset/attacked-dataset/no-defence/preset_2/korhonen-et-al/fpr/10111411235.png,6,0.1532999336649972
../../../../data/DIONE/work/Framework_Datasets/dataset/attacked-dataset/no-defence/preset_2/korhonen-et-al/fpr/10094235786.png,7,0.2044703629251162
../../../../data/DIONE/work/Framework_Datasets/dataset/attacked-dataset/no-defence/preset_2/korhonen-et-al/fpr/10091520555.png,4,0.1402411162187243
../../../../data/DIONE/work/Framework_Datasets/dataset/attacked-dataset/no-defence/preset_2/korhonen-et-al/fpr/10050349236.png,5,0.2315613701615572
../../../../data/DIONE/work/Framework_Datasets/dataset/attacked-dataset/no-defence/preset_2/korhonen-et-al/fpr/10031298826.png,7,0.0420330409773919
../../../../data/DIONE/work/Framework_Datasets/dataset/attacked-dataset/no-defence/preset_2/korhonen-et-al/fpr/10027582235.png,6,0.1982185430395389
../../../../data/DIONE/work/Framework_Datasets/dataset/attacked-dataset/no-defence/preset_2/grad-est/fpr/3525647615.png,8,0.0166357967310624
../../../../data/DIONE/work/Framework_Datasets/dataset/attacked-dataset/no-defence/preset_2/grad-est/fpr/3395475764.png,6,0.1813724138969503
../../../../data/DIONE/work/Framework_Datasets/dataset/attacked-dataset/no-defence/preset_2/grad-est/fpr/3390605400.png,5,0.0368019814224466
../../../../data/DIONE/work/Framework_Datasets/dataset/attacked-dataset/no-defence/preset_2/grad-est/fpr/3228786952.png,-1,0.0
../../../../data/DIONE/work/Framework_Datasets/dataset/attacked-dataset/no-defence/preset_2/grad-est/fpr/2790138273.png,6,0.0129525592130234
../../../../data/DIONE/work/Framework_Datasets/dataset/attacked-dataset/no-defence/preset_2/grad-est/fpr/2197636094.png,7,0.1848913917997825
../../../../data/DIONE/work/Framework_Datasets/dataset/attacked-dataset/no-defence/preset_2/grad-est/fpr/1572804254.png,5,0.0117296759396477
../../../../data/DIONE/work/Framework_Datasets/dataset/attacked-dataset/no-defence/preset_2/grad-est/fpr/1434258458.png,7,0.1717795391899392
../../../../data/DIONE/work/Framework_Datasets/dataset/attacked-dataset/no-defence/preset_2/grad-est/fpr/11004139923.png,8,0.0801132748936419
../../../../data/DIONE/work/Framework_Datasets/dataset/attacked-dataset/no-defence/preset_2/grad-est/fpr/10513907744.png,7,0.147982923999862
../../../../data/DIONE/work/Framework_Datasets/dataset/attacked-dataset/no-defence/preset_2/cadv/fpr/1026198859.png,7,0.1369324118130551
../../../../data/DIONE/work/Framework_Datasets/dataset/attacked-dataset/no-defence/preset_2/cadv/fpr/10244314384.png,4,0.1925484320822977
../../../../data/DIONE/work/Framework_Datasets/dataset/attacked-dataset/no-defence/preset_2/cadv/fpr/10155925686.png,6,0.0711805496660784
../../../../data/DIONE/work/Framework_Datasets/dataset/attacked-dataset/no-defence/preset_2/cadv/fpr/10147970884.png,7,0.2405517484227922
../../../../data/DIONE/work/Framework_Datasets/dataset/attacked-dataset/no-defence/preset_2/cadv/fpr/10111411235.png,6,0.0821228067504464
../../../../data/DIONE/work/Framework_Datasets/dataset/attacked-dataset/no-defence/preset_2/cadv/fpr/10094235786.png,7,0.1436757724952026
../../../../data/DIONE/work/Framework_Datasets/dataset/attacked-dataset/no-defence/preset_2/cadv/fpr/10091520555.png,4,0.0358312958007218
../../../../data/DIONE/work/Framework_Datasets/dataset/attacked-dataset/no-defence/preset_2/cadv/fpr/10050349236.png,5,0.0493941643701629
../../../../data/DIONE/work/Framework_Datasets/dataset/attacked-dataset/no-defence/preset_2/cadv/fpr/10031298826.png,7,0.1049116795315101
../../../../data/DIONE/work/Framework_Datasets/dataset/attacked-dataset/no-defence/preset_2/cadv/fpr/10027582235.png,6,0.025333659678732
../../../../data/DIONE/work/Framework_Datasets/dataset/attacked-dataset/no-defence/preset_1/zhang-et-al-dists/fpr/1026198859.png,7,0.2012628606979105
../../../../data/DIONE/work/Framework_Datasets/dataset/attacked-dataset/no-defence/preset_1/zhang-et-al-dists/fpr/10244314384.png,4,0.2239721165204706
../../../../data/DIONE/work/Framework_Datasets/dataset/attacked-dataset/no-defence/preset_1/zhang-et-al-dists/fpr/10155925686.png,6,0.1118154446099711
../../../../data/DIONE/work/Framework_Datasets/dataset/attacked-dataset/no-defence/preset_1/zhang-et-al-dists/fpr/10147970884.png,7,0.2829180684714185
../../../../data/DIONE/work/Framework_Datasets/dataset/attacked-dataset/no-defence/preset_1/zhang-et-al-dists/fpr/10111411235.png,6,0.158148013033419
../../../../data/DIONE/work/Framework_Datasets/dataset/attacked-dataset/no-defence/preset_1/zhang-et-al-dists/fpr/10094235786.png,7,0.2061421555276433
../../../../data/DIONE/work/Framework_Datasets/dataset/attacked-dataset/no-defence/preset_1/zhang-et-al-dists/fpr/10091520555.png,4,0.1356415243640358
../../../../data/DIONE/work/Framework_Datasets/dataset/attacked-dataset/no-defence/preset_1/zhang-et-al-dists/fpr/10050349236.png,5,0.2194729169089379
../../../../data/DIONE/work/Framework_Datasets/dataset/attacked-dataset/no-defence/preset_1/zhang-et-al-dists/fpr/10031298826.png,7,0.0487160229973767
../../../../data/DIONE/work/Framework_Datasets/dataset/attacked-dataset/no-defence/preset_1/zhang-et-al-dists/fpr/10027582235.png,6,0.1912075101525938
../../../../data/DIONE/work/Framework_Datasets/dataset/attacked-dataset/no-defence/preset_1/stadv/fpr/1026198859.png,7,0.1836978044360269
../../../../data/DIONE/work/Framework_Datasets/dataset/attacked-dataset/no-defence/preset_1/stadv/fpr/10244314384.png,4,0.2263771722932536
../../../../data/DIONE/work/Framework_Datasets/dataset/attacked-dataset/no-defence/preset_1/stadv/fpr/10155925686.png,6,0.1154298178015508
../../../../data/DIONE/work/Framework_Datasets/dataset/attacked-dataset/no-defence/preset_1/stadv/fpr/10147970884.png,7,0.2829180684714185
../../../../data/DIONE/work/Framework_Datasets/dataset/attacked-dataset/no-defence/preset_1/stadv/fpr/10111411235.png,6,0.166957037114378
../../../../data/DIONE/work/Framework_Datasets/dataset/attacked-dataset/no-defence/preset_1/stadv/fpr/10094235786.png,7,0.1953188825232973
../../../../data/DIONE/work/Framework_Datasets/dataset/attacked-dataset/no-defence/preset_1/stadv/fpr/10091520555.png,4,0.1415991503045004
../../../../data/DIONE/work/Framework_Datasets/dataset/attacked-dataset/no-defence/preset_1/stadv/fpr/10050349236.png,5,0.2289019263950824
../../../../data/DIONE/work/Framework_Datasets/dataset/attacked-dataset/no-defence/preset_1/stadv/fpr/10031298826.png,7,0.0730820481208592
../../../../data/DIONE/work/Framework_Datasets/dataset/attacked-dataset/no-defence/preset_1/stadv/fpr/10027582235.png,6,0.1813724138969503
../../../../data/DIONE/work/Framework_Datasets/dataset/attacked-dataset/no-defence/preset_1/square-attack/fpr/3525647615.png,-1,0.0
../../../../data/DIONE/work/Framework_Datasets/dataset/attacked-dataset/no-defence/preset_1/square-attack/fpr/3395475764.png,6,0.1598315900168273
../../../../data/DIONE/work/Framework_Datasets/dataset/attacked-dataset/no-defence/preset_1/square-attack/fpr/3390605400.png,5,0.0281667128475709
../../../../data/DIONE/work/Framework_Datasets/dataset/attacked-dataset/no-defence/preset_1/square-attack/fpr/3228786952.png,-1,0.0
../../../../data/DIONE/work/Framework_Datasets/dataset/attacked-dataset/no-defence/preset_1/square-attack/fpr/2790138273.png,6,0.0105089937394012
../../../../data/DIONE/work/Framework_Datasets/dataset/attacked-dataset/no-defence/preset_1/square-attack/fpr/2197636094.png,7,0.1967516595965042
../../../../data/DIONE/work/Framework_Datasets/dataset/attacked-dataset/no-defence/preset_1/square-attack/fpr/1572804254.png,5,0.0500742235051763
../../../../data/DIONE/work/Framework_Datasets/dataset/attacked-dataset/no-defence/preset_1/square-attack/fpr/1434258458.png,7,0.1925484320822977
../../../../data/DIONE/work/Framework_Datasets/dataset/attacked-dataset/no-defence/preset_1/square-attack/fpr/11004139923.png,8,0.1678966785851359
../../../../data/DIONE/work/Framework_Datasets/dataset/attacked-dataset/no-defence/preset_1/square-attack/fpr/10513907744.png,7,0.1078207976818522
../../../../data/DIONE/work/Framework_Datasets/dataset/attacked-dataset/no-defence/preset_1/parsimonious/fpr/3525647615.png,8,0.0259614829431189
../../../../data/DIONE/work/Framework_Datasets/dataset/attacked-dataset/no-defence/preset_1/parsimonious/fpr/3395475764.png,6,0.1861067913520763
../../../../data/DIONE/work/Framework_Datasets/dataset/attacked-dataset/no-defence/preset_1/parsimonious/fpr/3390605400.png,5,0.0005050530068253
../../../../data/DIONE/work/Framework_Datasets/dataset/attacked-dataset/no-defence/preset_1/parsimonious/fpr/3228786952.png,-1,0.0
../../../../data/DIONE/work/Framework_Datasets/dataset/attacked-dataset/no-defence/preset_1/parsimonious/fpr/2790138273.png,6,0.0129525592130234
../../../../data/DIONE/work/Framework_Datasets/dataset/attacked-dataset/no-defence/preset_1/parsimonious/fpr/2197636094.png,7,0.1688483478220867
../../../../data/DIONE/work/Framework_Datasets/dataset/attacked-dataset/no-defence/preset_1/parsimonious/fpr/1572804254.png,5,0.0692996068543405
../../../../data/DIONE/work/Framework_Datasets/dataset/attacked-dataset/no-defence/preset_1/parsimonious/fpr/1434258458.png,7,0.2012628606979105
../../../../data/DIONE/work/Framework_Datasets/dataset/attacked-dataset/no-defence/preset_1/parsimonious/fpr/11004139923.png,8,0.0904435147232844
../../../../data/DIONE/work/Framework_Datasets/dataset/attacked-dataset/no-defence/preset_1/parsimonious/fpr/10513907744.png,7,0.1108037190997019
../../../../data/DIONE/work/Framework_Datasets/dataset/attacked-dataset/no-defence/preset_1/madc/fpr/1026198859.png,7,0.2061421555276433
../../../../data/DIONE/work/Framework_Datasets/dataset/attacked-dataset/no-defence/preset_1/madc/fpr/10244314384.png,4,0.2239721165204706
../../../../data/DIONE/work/Framework_Datasets/dataset/attacked-dataset/no-defence/preset_1/madc/fpr/10155925686.png,6,0.112836271356315
../../../../data/DIONE/work/Framework_Datasets/dataset/attacked-dataset/no-defence/preset_1/madc/fpr/10147970884.png,7,0.2741150213418841
../../../../data/DIONE/work/Framework_Datasets/dataset/attacked-dataset/no-defence/preset_1/madc/fpr/10111411235.png,6,0.156499384086201
../../../../data/DIONE/work/Framework_Datasets/dataset/attacked-dataset/no-defence/preset_1/madc/fpr/10094235786.png,7,0.1861067913520763
../../../../data/DIONE/work/Framework_Datasets/dataset/attacked-dataset/no-defence/preset_1/madc/fpr/10091520555.png,4,0.1487222211672521
../../../../data/DIONE/work/Framework_Datasets/dataset/attacked-dataset/no-defence/preset_1/madc/fpr/10050349236.png,5,0.2343736673238524
../../../../data/DIONE/work/Framework_Datasets/dataset/attacked-dataset/no-defence/preset_1/madc/fpr/10031298826.png,7,0.0793166851193715
../../../../data/DIONE/work/Framework_Datasets/dataset/attacked-dataset/no-defence/preset_1/madc/fpr/10027582235.png,6,0.1836978044360269
../../../../data/DIONE/work/Framework_Datasets/dataset/attacked-dataset/no-defence/preset_1/ifgsm/fpr/1026198859.png,7,0.2012628606979105
../../../../data/DIONE/work/Framework_Datasets/dataset/attacked-dataset/no-defence/preset_1/ifgsm/fpr/10244314384.png,4,0.2263771722932536
../../../../data/DIONE/work/Framework_Datasets/dataset/attacked-dataset/no-defence/preset_1/ifgsm/fpr/10155925686.png,6,0.112836271356315
../../../../data/DIONE/work/Framework_Datasets/dataset/attacked-dataset/no-defence/preset_1/ifgsm/fpr/10147970884.png,7,0.2741150213418841
../../../../data/DIONE/work/Framework_Datasets/dataset/attacked-dataset/no-defence/preset_1/ifgsm/fpr/10111411235.png,6,0.1598315900168273
../../../../data/DIONE/work/Framework_Datasets/dataset/attacked-dataset/no-defence/preset_1/ifgsm/fpr/10094235786.png,7,0.1898941672542275
../../../../data/DIONE/work/Framework_Datasets/dataset/attacked-dataset/no-defence/preset_1/ifgsm/fpr/10091520555.png,4,0.1443789761597065
../../../../data/DIONE/work/Framework_Datasets/dataset/attacked-dataset/no-defence/preset_1/ifgsm/fpr/10050349236.png,5,0.2373611498569439
../../../../data/DIONE/work/Framework_Datasets/dataset/attacked-dataset/no-defence/preset_1/ifgsm/fpr/10031298826.png,7,0.0483776610817599
../../../../data/DIONE/work/Framework_Datasets/dataset/attacked-dataset/no-defence/preset_1/ifgsm/fpr/10027582235.png,6,0.1791238831820415
../../../../data/DIONE/work/Framework_Datasets/dataset/attacked-dataset/no-defence/preset_1/cnn-attack/fpr/1026198859.png,7,0.1925484320822977
../../../../data/DIONE/work/Framework_Datasets/dataset/attacked-dataset/no-defence/preset_1/cnn-attack/fpr/10244314384.png,4,0.1912075101525938
../../../../data/DIONE/work/Framework_Datasets/dataset/attacked-dataset/no-defence/preset_1/cnn-attack/fpr/10155925686.png,6,0.0979278591017404
../../../../data/DIONE/work/Framework_Datasets/dataset/attacked-dataset/no-defence/preset_1/cnn-attack/fpr/10147970884.png,7,0.2829180684714185
../../../../data/DIONE/work/Framework_Datasets/dataset/attacked-dataset/no-defence/preset_1/cnn-attack/fpr/10111411235.png,6,0.1688483478220867
../../../../data/DIONE/work/Framework_Datasets/dataset/attacked-dataset/no-defence/preset_1/cnn-attack/fpr/10094235786.png,7,0.178026559061629
../../../../data/DIONE/work/Framework_Datasets/dataset/attacked-dataset/no-defence/preset_1/cnn-attack/fpr/10091520555.png,4,0.1443789761597065
../../../../data/DIONE/work/Framework_Datasets/dataset/attacked-dataset/no-defence/preset_1/cnn-attack/fpr/10050349236.png,5,0.2289019263950824
../../../../data/DIONE/work/Framework_Datasets/dataset/attacked-dataset/no-defence/preset_1/cnn-attack/fpr/10031298826.png,7,0.0793166851193715
../../../../data/DIONE/work/Framework_Datasets/dataset/attacked-dataset/no-defence/preset_1/cnn-attack/fpr/10027582235.png,6,0.1678966785851359
../../../../data/DIONE/work/Framework_Datasets/dataset/attacked-dataset/no-defence/preset_1/uap/fpr/1026198859.png,7,0.1861067913520763
../../../../data/DIONE/work/Framework_Datasets/dataset/attacked-dataset/no-defence/preset_1/uap/fpr/10244314384.png,4,0.2194729169089379
../../../../data/DIONE/work/Framework_Datasets/dataset/attacked-dataset/no-defence/preset_1/uap/fpr/10155925686.png,6,0.1241738880854468
../../../../data/DIONE/work/Framework_Datasets/dataset/attacked-dataset/no-defence/preset_1/uap/fpr/10147970884.png,7,0.2955915137736973
../../../../data/DIONE/work/Framework_Datasets/dataset/attacked-dataset/no-defence/preset_1/uap/fpr/10111411235.png,6,0.156499384086201
../../../../data/DIONE/work/Framework_Datasets/dataset/attacked-dataset/no-defence/preset_1/uap/fpr/10094235786.png,7,0.1748343587958747
../../../../data/DIONE/work/Framework_Datasets/dataset/attacked-dataset/no-defence/preset_1/uap/fpr/10091520555.png,4,0.1282445225491505
../../../../data/DIONE/work/Framework_Datasets/dataset/attacked-dataset/no-defence/preset_1/uap/fpr/10050349236.png,5,0.2153251260680027
../../../../data/DIONE/work/Framework_Datasets/dataset/attacked-dataset/no-defence/preset_1/uap/fpr/10031298826.png,7,0.0394057444295267
../../../../data/DIONE/work/Framework_Datasets/dataset/attacked-dataset/no-defence/preset_1/uap/fpr/10027582235.png,6,0.1873449967423446
../../../../data/DIONE/work/Framework_Datasets/dataset/attacked-dataset/no-defence/preset_1/ssah/fpr/1026198859.png,7,0.1939183704368362
../../../../data/DIONE/work/Framework_Datasets/dataset/attacked-dataset/no-defence/preset_1/ssah/fpr/10244314384.png,4,0.2153251260680027
../../../../data/DIONE/work/Framework_Datasets/dataset/attacked-dataset/no-defence/preset_1/ssah/fpr/10155925686.png,6,0.1258983279758888
../../../../data/DIONE/work/Framework_Datasets/dataset/attacked-dataset/no-defence/preset_1/ssah/fpr/10147970884.png,7,0.2955915137736973
../../../../data/DIONE/work/Framework_Datasets/dataset/attacked-dataset/no-defence/preset_1/ssah/fpr/10111411235.png,6,0.1707893558120848
../../../../data/DIONE/work/Framework_Datasets/dataset/attacked-dataset/no-defence/preset_1/ssah/fpr/10094235786.png,7,0.1925484320822977
../../../../data/DIONE/work/Framework_Datasets/dataset/attacked-dataset/no-defence/preset_1/ssah/fpr/10091520555.png,4,0.1465232455433059
../../../../data/DIONE/work/Framework_Datasets/dataset/attacked-dataset/no-defence/preset_1/ssah/fpr/10050349236.png,5,0.2373611498569439
../../../../data/DIONE/work/Framework_Datasets/dataset/attacked-dataset/no-defence/preset_1/ssah/fpr/10031298826.png,7,0.0612453898725319
../../../../data/DIONE/work/Framework_Datasets/dataset/attacked-dataset/no-defence/preset_1/ssah/fpr/10027582235.png,6,0.1836978044360269
../../../../data/DIONE/work/Framework_Datasets/dataset/attacked-dataset/no-defence/preset_1/patch-rs/fpr/3525647615.png,8,0.011424304357836
../../../../data/DIONE/work/Framework_Datasets/dataset/attacked-dataset/no-defence/preset_1/patch-rs/fpr/3395475764.png,6,0.1312578690185125
../../../../data/DIONE/work/Framework_Datasets/dataset/attacked-dataset/no-defence/preset_1/patch-rs/fpr/3390605400.png,5,0.0470288433439821
../../../../data/DIONE/work/Framework_Datasets/dataset/attacked-dataset/no-defence/preset_1/patch-rs/fpr/3228786952.png,4,0.0821228067504464
../../../../data/DIONE/work/Framework_Datasets/dataset/attacked-dataset/no-defence/preset_1/patch-rs/fpr/2790138273.png,6,0.0580441605986643
../../../../data/DIONE/work/Framework_Datasets/dataset/attacked-dataset/no-defence/preset_1/patch-rs/fpr/2197636094.png,7,0.1912075101525938
../../../../data/DIONE/work/Framework_Datasets/dataset/attacked-dataset/no-defence/preset_1/patch-rs/fpr/1572804254.png,5,0.0517829843156337
../../../../data/DIONE/work/Framework_Datasets/dataset/attacked-dataset/no-defence/preset_1/patch-rs/fpr/1434258458.png,7,0.1861067913520763
../../../../data/DIONE/work/Framework_Datasets/dataset/attacked-dataset/no-defence/preset_1/patch-rs/fpr/11004139923.png,8,0.1748343587958747
../../../../data/DIONE/work/Framework_Datasets/dataset/attacked-dataset/no-defence/preset_1/patch-rs/fpr/10513907744.png,8,0.1093026737154844
../../../../data/DIONE/work/Framework_Datasets/dataset/attacked-dataset/no-defence/preset_1/onepixel/fpr/3525647615.png,8,0.0047366964506622
../../../../data/DIONE/work/Framework_Datasets/dataset/attacked-dataset/no-defence/preset_1/onepixel/fpr/3395475764.png,6,0.178026559061629
../../../../data/DIONE/work/Framework_Datasets/dataset/attacked-dataset/no-defence/preset_1/onepixel/fpr/3390605400.png,5,0.023143694858113
../../../../data/DIONE/work/Framework_Datasets/dataset/attacked-dataset/no-defence/preset_1/onepixel/fpr/3228786952.png,-1,0.0
../../../../data/DIONE/work/Framework_Datasets/dataset/attacked-dataset/no-defence/preset_1/onepixel/fpr/2790138273.png,6,0.0050395685641043
../../../../data/DIONE/work/Framework_Datasets/dataset/attacked-dataset/no-defence/preset_1/onepixel/fpr/2197636094.png,7,0.1939183704368362
../../../../data/DIONE/work/Framework_Datasets/dataset/attacked-dataset/no-defence/preset_1/onepixel/fpr/1572804254.png,5,0.0601727075932448
../../../../data/DIONE/work/Framework_Datasets/dataset/attacked-dataset/no-defence/preset_1/onepixel/fpr/1434258458.png,7,0.1836978044360269
../../../../data/DIONE/work/Framework_Datasets/dataset/attacked-dataset/no-defence/preset_1/onepixel/fpr/11004139923.png,8,0.1967516595965042
../../../../data/DIONE/work/Framework_Datasets/dataset/attacked-dataset/no-defence/preset_1/onepixel/fpr/10513907744.png,7,0.1197117268424265
../../../../data/DIONE/work/Framework_Datasets/dataset/attacked-dataset/no-defence/preset_1/korhonen-et-al/fpr/1026198859.png,7,0.2028449129044628
../../../../data/DIONE/work/Framework_Datasets/dataset/attacked-dataset/no-defence/preset_1/korhonen-et-al/fpr/10244314384.png,4,0.2315613701615572
../../../../data/DIONE/work/Framework_Datasets/dataset/attacked-dataset/no-defence/preset_1/korhonen-et-al/fpr/10155925686.png,6,0.1180860198714486
../../../../data/DIONE/work/Framework_Datasets/dataset/attacked-dataset/no-defence/preset_1/korhonen-et-al/fpr/10147970884.png,7,0.2741150213418841
../../../../data/DIONE/work/Framework_Datasets/dataset/attacked-dataset/no-defence/preset_1/korhonen-et-al/fpr/10111411235.png,6,0.1540880828294091
../../../../data/DIONE/work/Framework_Datasets/dataset/attacked-dataset/no-defence/preset_1/korhonen-et-al/fpr/10094235786.png,7,0.1825251012058467
../../../../data/DIONE/work/Framework_Datasets/dataset/attacked-dataset/no-defence/preset_1/korhonen-et-al/fpr/10091520555.png,4,0.1402411162187243
../../../../data/DIONE/work/Framework_Datasets/dataset/attacked-dataset/no-defence/preset_1/korhonen-et-al/fpr/10050349236.png,5,0.2239721165204706
../../../../data/DIONE/work/Framework_Datasets/dataset/attacked-dataset/no-defence/preset_1/korhonen-et-al/fpr/10031298826.png,7,0.0711805496660784
../../../../data/DIONE/work/Framework_Datasets/dataset/attacked-dataset/no-defence/preset_1/korhonen-et-al/fpr/10027582235.png,6,0.1982185430395389
../../../../data/DIONE/work/Framework_Datasets/dataset/attacked-dataset/no-defence/preset_1/grad-est/fpr/3525647615.png,8,0.00625199896007
../../../../data/DIONE/work/Framework_Datasets/dataset/attacked-dataset/no-defence/preset_1/grad-est/fpr/3395475764.png,6,0.1727834425530284
../../../../data/DIONE/work/Framework_Datasets/dataset/attacked-dataset/no-defence/preset_1/grad-est/fpr/3390605400.png,5,0.0580441605986643
../../../../data/DIONE/work/Framework_Datasets/dataset/attacked-dataset/no-defence/preset_1/grad-est/fpr/3228786952.png,-1,0.0
../../../../data/DIONE/work/Framework_Datasets/dataset/attacked-dataset/no-defence/preset_1/grad-est/fpr/2790138273.png,6,0.0032236487552256
../../../../data/DIONE/work/Framework_Datasets/dataset/attacked-dataset/no-defence/preset_1/grad-est/fpr/2197636094.png,7,0.1997215431013814
../../../../data/DIONE/work/Framework_Datasets/dataset/attacked-dataset/no-defence/preset_1/grad-est/fpr/1572804254.png,5,0.0358312958007218
../../../../data/DIONE/work/Framework_Datasets/dataset/attacked-dataset/no-defence/preset_1/grad-est/fpr/1434258458.png,7,0.1758824148811935
../../../../data/DIONE/work/Framework_Datasets/dataset/attacked-dataset/no-defence/preset_1/grad-est/fpr/11004139923.png,8,0.1548839096039408
../../../../data/DIONE/work/Framework_Datasets/dataset/attacked-dataset/no-defence/preset_1/grad-est/fpr/10513907744.png,7,0.1154298178015508
../../../../data/DIONE/work/Framework_Datasets/dataset/attacked-dataset/no-defence/preset_1/cadv/fpr/1026198859.png,7,0.1002128210977278
../../../../data/DIONE/work/Framework_Datasets/dataset/attacked-dataset/no-defence/preset_1/cadv/fpr/10244314384.png,4,0.1802389290115822
../../../../data/DIONE/work/Framework_Datasets/dataset/attacked-dataset/no-defence/preset_1/cadv/fpr/10155925686.png,6,0.0895894552967763
../../../../data/DIONE/work/Framework_Datasets/dataset/attacked-dataset/no-defence/preset_1/cadv/fpr/10147970884.png,7,0.1525192743366426
../../../../data/DIONE/work/Framework_Datasets/dataset/attacked-dataset/no-defence/preset_1/cadv/fpr/10111411235.png,7,0.0011086971594625
../../../../data/DIONE/work/Framework_Datasets/dataset/attacked-dataset/no-defence/preset_1/cadv/fpr/10094235786.png,8,0.0361545212466247
../../../../data/DIONE/work/Framework_Datasets/dataset/attacked-dataset/no-defence/preset_1/cadv/fpr/10091520555.png,5,0.1020709947072371
../../../../data/DIONE/work/Framework_Datasets/dataset/attacked-dataset/no-defence/preset_1/cadv/fpr/10050349236.png,5,0.1912075101525938
../../../../data/DIONE/work/Framework_Datasets/dataset/attacked-dataset/no-defence/preset_1/cadv/fpr/10031298826.png,7,0.1802389290115822
../../../../data/DIONE/work/Framework_Datasets/dataset/attacked-dataset/no-defence/preset_1/cadv/fpr/10027582235.png,6,0.1573194455566146
../../../../data/DIONE/work/Framework_Datasets/dataset/attacked-dataset/no-defence/preset_0/zhang-et-al-dists/fpr/1026198859.png,7,0.1967516595965042
../../../../data/DIONE/work/Framework_Datasets/dataset/attacked-dataset/no-defence/preset_0/zhang-et-al-dists/fpr/10244314384.png,4,0.2216742283028819
../../../../data/DIONE/work/Framework_Datasets/dataset/attacked-dataset/no-defence/preset_0/zhang-et-al-dists/fpr/10155925686.png,6,0.1138664487125052
../../../../data/DIONE/work/Framework_Datasets/dataset/attacked-dataset/no-defence/preset_0/zhang-et-al-dists/fpr/10147970884.png,7,0.2955915137736973
../../../../data/DIONE/work/Framework_Datasets/dataset/attacked-dataset/no-defence/preset_0/zhang-et-al-dists/fpr/10111411235.png,6,0.1606870860484871
../../../../data/DIONE/work/Framework_Datasets/dataset/attacked-dataset/no-defence/preset_0/zhang-et-al-dists/fpr/10094235786.png,7,0.1848913917997825
../../../../data/DIONE/work/Framework_Datasets/dataset/attacked-dataset/no-defence/preset_0/zhang-et-al-dists/fpr/10091520555.png,4,0.1494680161873081
../../../../data/DIONE/work/Framework_Datasets/dataset/attacked-dataset/no-defence/preset_0/zhang-et-al-dists/fpr/10050349236.png,5,0.2373611498569439
../../../../data/DIONE/work/Framework_Datasets/dataset/attacked-dataset/no-defence/preset_0/zhang-et-al-dists/fpr/10031298826.png,7,0.0685527777411445
../../../../data/DIONE/work/Framework_Datasets/dataset/attacked-dataset/no-defence/preset_0/zhang-et-al-dists/fpr/10027582235.png,6,0.1769462816326311
../../../../data/DIONE/work/Framework_Datasets/dataset/attacked-dataset/no-defence/preset_0/stadv/fpr/1026198859.png,7,0.1802389290115822
../../../../data/DIONE/work/Framework_Datasets/dataset/attacked-dataset/no-defence/preset_0/stadv/fpr/10244314384.png,4,0.2153251260680027
../../../../data/DIONE/work/Framework_Datasets/dataset/attacked-dataset/no-defence/preset_0/stadv/fpr/10155925686.png,6,0.1068431685923576
../../../../data/DIONE/work/Framework_Datasets/dataset/attacked-dataset/no-defence/preset_0/stadv/fpr/10147970884.png,7,0.2741150213418841
../../../../data/DIONE/work/Framework_Datasets/dataset/attacked-dataset/no-defence/preset_0/stadv/fpr/10111411235.png,6,0.1642066377901797
../../../../data/DIONE/work/Framework_Datasets/dataset/attacked-dataset/no-defence/preset_0/stadv/fpr/10094235786.png,7,0.1825251012058467
../../../../data/DIONE/work/Framework_Datasets/dataset/attacked-dataset/no-defence/preset_0/stadv/fpr/10091520555.png,4,0.1415991503045004
../../../../data/DIONE/work/Framework_Datasets/dataset/attacked-dataset/no-defence/preset_0/stadv/fpr/10050349236.png,5,0.2405517484227922
../../../../data/DIONE/work/Framework_Datasets/dataset/attacked-dataset/no-defence/preset_0/stadv/fpr/10031298826.png,7,0.0761696504010407
../../../../data/DIONE/work/Framework_Datasets/dataset/attacked-dataset/no-defence/preset_0/stadv/fpr/10027582235.png,6,0.1836978044360269
../../../../data/DIONE/work/Framework_Datasets/dataset/attacked-dataset/no-defence/preset_0/square-attack/fpr/3525647615.png,8,0.0191048611043035
../../../../data/DIONE/work/Framework_Datasets/dataset/attacked-dataset/no-defence/preset_0/square-attack/fpr/3395475764.png,6,0.1848913917997825
../../../../data/DIONE/work/Framework_Datasets/dataset/attacked-dataset/no-defence/preset_0/square-attack/fpr/3390605400.png,5,0.0514402305557102
../../../../data/DIONE/work/Framework_Datasets/dataset/attacked-dataset/no-defence/preset_0/square-attack/fpr/3228786952.png,-1,0.0
../../../../data/DIONE/work/Framework_Datasets/dataset/attacked-dataset/no-defence/preset_0/square-attack/fpr/2790138273.png,6,0.0105089937394012
../../../../data/DIONE/work/Framework_Datasets/dataset/attacked-dataset/no-defence/preset_0/square-attack/fpr/2197636094.png,7,0.1939183704368362
../../../../data/DIONE/work/Framework_Datasets/dataset/attacked-dataset/no-defence/preset_0/square-attack/fpr/1572804254.png,5,0.0538503651843695
../../../../data/DIONE/work/Framework_Datasets/dataset/attacked-dataset/no-defence/preset_0/square-attack/fpr/1434258458.png,7,0.1791238831820415
../../../../data/DIONE/work/Framework_Datasets/dataset/attacked-dataset/no-defence/preset_0/square-attack/fpr/11004139923.png,8,0.2028449129044628
../../../../data/DIONE/work/Framework_Datasets/dataset/attacked-dataset/no-defence/preset_0/square-attack/fpr/10513907744.png,7,0.1039574295691274
../../../../data/DIONE/work/Framework_Datasets/dataset/attacked-dataset/no-defence/preset_0/parsimonious/fpr/3525647615.png,8,0.0413739162901641
../../../../data/DIONE/work/Framework_Datasets/dataset/attacked-dataset/no-defence/preset_0/parsimonious/fpr/3395475764.png,6,0.1487222211672521
../../../../data/DIONE/work/Framework_Datasets/dataset/attacked-dataset/no-defence/preset_0/parsimonious/fpr/3390605400.png,-1,0.0
../../../../data/DIONE/work/Framework_Datasets/dataset/attacked-dataset/no-defence/preset_0/parsimonious/fpr/3228786952.png,-1,0.0
../../../../data/DIONE/work/Framework_Datasets/dataset/attacked-dataset/no-defence/preset_0/parsimonious/fpr/2790138273.png,6,0.024393715955667
../../../../data/DIONE/work/Framework_Datasets/dataset/attacked-dataset/no-defence/preset_0/parsimonious/fpr/2197636094.png,7,0.1769462816326311
../../../../data/DIONE/work/Framework_Datasets/dataset/attacked-dataset/no-defence/preset_0/parsimonious/fpr/1572804254.png,5,0.0874766440550458
../../../../data/DIONE/work/Framework_Datasets/dataset/attacked-dataset/no-defence/preset_0/parsimonious/fpr/1434258458.png,7,0.2373611498569439
../../../../data/DIONE/work/Framework_Datasets/dataset/attacked-dataset/no-defence/preset_0/parsimonious/fpr/11004139923.png,7,0.0644989008648395
../../../../data/DIONE/work/Framework_Datasets/dataset/attacked-dataset/no-defence/preset_0/parsimonious/fpr/10513907744.png,7,0.0809139515861795
../../../../data/DIONE/work/Framework_Datasets/dataset/attacked-dataset/no-defence/preset_0/madc/fpr/1026198859.png,7,0.1873449967423446
../../../../data/DIONE/work/Framework_Datasets/dataset/attacked-dataset/no-defence/preset_0/madc/fpr/10244314384.png,4,0.2061421555276433
../../../../data/DIONE/work/Framework_Datasets/dataset/attacked-dataset/no-defence/preset_0/madc/fpr/10155925686.png,6,0.1175495512020295
../../../../data/DIONE/work/Framework_Datasets/dataset/attacked-dataset/no-defence/preset_0/madc/fpr/10147970884.png,7,0.2741150213418841
../../../../data/DIONE/work/Framework_Datasets/dataset/attacked-dataset/no-defence/preset_0/madc/fpr/10111411235.png,6,0.1409175663345964
../../../../data/DIONE/work/Framework_Datasets/dataset/attacked-dataset/no-defence/preset_0/madc/fpr/10094235786.png,7,0.2078635592000901
../../../../data/DIONE/work/Framework_Datasets/dataset/attacked-dataset/no-defence/preset_0/madc/fpr/10091520555.png,4,0.1429781433036972
../../../../data/DIONE/work/Framework_Datasets/dataset/attacked-dataset/no-defence/preset_0/madc/fpr/10050349236.png,5,0.2173591434169639
../../../../data/DIONE/work/Framework_Datasets/dataset/attacked-dataset/no-defence/preset_0/madc/fpr/10031298826.png,7,0.0723189210695329
../../../../data/DIONE/work/Framework_Datasets/dataset/attacked-dataset/no-defence/preset_0/madc/fpr/10027582235.png,6,0.1825251012058467
../../../../data/DIONE/work/Framework_Datasets/dataset/attacked-dataset/no-defence/preset_0/ifgsm/fpr/1026198859.png,7,0.1825251012058467
../../../../data/DIONE/work/Framework_Datasets/dataset/attacked-dataset/no-defence/preset_0/ifgsm/fpr/10244314384.png,4,0.2315613701615572
../../../../data/DIONE/work/Framework_Datasets/dataset/attacked-dataset/no-defence/preset_0/ifgsm/fpr/10155925686.png,6,0.1154298178015508
../../../../data/DIONE/work/Framework_Datasets/dataset/attacked-dataset/no-defence/preset_0/ifgsm/fpr/10147970884.png,7,0.2741150213418841
../../../../data/DIONE/work/Framework_Datasets/dataset/attacked-dataset/no-defence/preset_0/ifgsm/fpr/10111411235.png,6,0.1651123637712858
../../../../data/DIONE/work/Framework_Datasets/dataset/attacked-dataset/no-defence/preset_0/ifgsm/fpr/10094235786.png,7,0.1953188825232973
../../../../data/DIONE/work/Framework_Datasets/dataset/attacked-dataset/no-defence/preset_0/ifgsm/fpr/10091520555.png,4,0.1443789761597065
../../../../data/DIONE/work/Framework_Datasets/dataset/attacked-dataset/no-defence/preset_0/ifgsm/fpr/10050349236.png,5,0.2216742283028819
../../../../data/DIONE/work/Framework_Datasets/dataset/attacked-dataset/no-defence/preset_0/ifgsm/fpr/10031298826.png,7,0.0757805420669749
../../../../data/DIONE/work/Framework_Datasets/dataset/attacked-dataset/no-defence/preset_0/ifgsm/fpr/10027582235.png,6,0.1813724138969503
../../../../data/DIONE/work/Framework_Datasets/dataset/attacked-dataset/no-defence/preset_0/cnn-attack/fpr/1026198859.png,7,0.2096382166382859
../../../../data/DIONE/work/Framework_Datasets/dataset/attacked-dataset/no-defence/preset_0/cnn-attack/fpr/10244314384.png,4,0.2114702056462183
../../../../data/DIONE/work/Framework_Datasets/dataset/attacked-dataset/no-defence/preset_0/cnn-attack/fpr/10155925686.png,6,0.1088066219282203
../../../../data/DIONE/work/Framework_Datasets/dataset/attacked-dataset/no-defence/preset_0/cnn-attack/fpr/10147970884.png,7,0.2829180684714185
../../../../data/DIONE/work/Framework_Datasets/dataset/attacked-dataset/no-defence/preset_0/cnn-attack/fpr/10111411235.png,6,0.178026559061629
../../../../data/DIONE/work/Framework_Datasets/dataset/attacked-dataset/no-defence/preset_0/cnn-attack/fpr/10094235786.png,7,0.1727834425530284
../../../../data/DIONE/work/Framework_Datasets/dataset/attacked-dataset/no-defence/preset_0/cnn-attack/fpr/10091520555.png,4,0.1458025875260623
../../../../data/DIONE/work/Framework_Datasets/dataset/attacked-dataset/no-defence/preset_0/cnn-attack/fpr/10050349236.png,5,0.2476958661490875
../../../../data/DIONE/work/Framework_Datasets/dataset/attacked-dataset/no-defence/preset_0/cnn-attack/fpr/10031298826.png,7,0.0692996068543405
../../../../data/DIONE/work/Framework_Datasets/dataset/attacked-dataset/no-defence/preset_0/cnn-attack/fpr/10027582235.png,6,0.1861067913520763
../../../../data/DIONE/work/Framework_Datasets/dataset/attacked-dataset/no-defence/preset_0/uap/fpr/1026198859.png,7,0.1925484320822977
../../../../data/DIONE/work/Framework_Datasets/dataset/attacked-dataset/no-defence/preset_0/uap/fpr/10244314384.png,4,0.2216742283028819
../../../../data/DIONE/work/Framework_Datasets/dataset/attacked-dataset/no-defence/preset_0/uap/fpr/10155925686.png,6,0.1197117268424265
../../../../data/DIONE/work/Framework_Datasets/dataset/attacked-dataset/no-defence/preset_0/uap/fpr/10147970884.png,7,0.2829180684714185
../../../../data/DIONE/work/Framework_Datasets/dataset/attacked-dataset/no-defence/preset_0/uap/fpr/10111411235.png,6,0.1532999336649972
../../../../data/DIONE/work/Framework_Datasets/dataset/attacked-dataset/no-defence/preset_0/uap/fpr/10094235786.png,7,0.1861067913520763
../../../../data/DIONE/work/Framework_Datasets/dataset/attacked-dataset/no-defence/preset_0/uap/fpr/10091520555.png,4,0.1395696980818237
../../../../data/DIONE/work/Framework_Datasets/dataset/attacked-dataset/no-defence/preset_0/uap/fpr/10050349236.png,5,0.2476958661490875
../../../../data/DIONE/work/Framework_Datasets/dataset/attacked-dataset/no-defence/preset_0/uap/fpr/10031298826.png,7,0.069674195815163
../../../../data/DIONE/work/Framework_Datasets/dataset/attacked-dataset/no-defence/preset_0/uap/fpr/10027582235.png,6,0.1825251012058467
../../../../data/DIONE/work/Framework_Datasets/dataset/attacked-dataset/no-defence/preset_0/ssah/fpr/1026198859.png,7,0.2012628606979105
../../../../data/DIONE/work/Framework_Datasets/dataset/attacked-dataset/no-defence/preset_0/ssah/fpr/10244314384.png,4,0.2239721165204706
../../../../data/DIONE/work/Framework_Datasets/dataset/attacked-dataset/no-defence/preset_0/ssah/fpr/10155925686.png,6,0.1230402369772556
../../../../data/DIONE/work/Framework_Datasets/dataset/attacked-dataset/no-defence/preset_0/ssah/fpr/10147970884.png,7,0.2613229478344218
../../../../data/DIONE/work/Framework_Datasets/dataset/attacked-dataset/no-defence/preset_0/ssah/fpr/10111411235.png,6,0.158148013033419
../../../../data/DIONE/work/Framework_Datasets/dataset/attacked-dataset/no-defence/preset_0/ssah/fpr/10094235786.png,7,0.1848913917997825
../../../../data/DIONE/work/Framework_Datasets/dataset/attacked-dataset/no-defence/preset_0/ssah/fpr/10091520555.png,4,0.1356415243640358
../../../../data/DIONE/work/Framework_Datasets/dataset/attacked-dataset/no-defence/preset_0/ssah/fpr/10050349236.png,5,0.2373611498569439
../../../../data/DIONE/work/Framework_Datasets/dataset/attacked-dataset/no-defence/preset_0/ssah/fpr/10031298826.png,7,0.0723189210695329
../../../../data/DIONE/work/Framework_Datasets/dataset/attacked-dataset/no-defence/preset_0/ssah/fpr/10027582235.png,6,0.1982185430395389
../../../../data/DIONE/work/Framework_Datasets/dataset/attacked-dataset/no-defence/preset_0/patch-rs/fpr/3525647615.png,8,0.0129525592130234
../../../../data/DIONE/work/Framework_Datasets/dataset/attacked-dataset/no-defence/preset_0/patch-rs/fpr/3395475764.png,6,0.2263771722932536
../../../../data/DIONE/work/Framework_Datasets/dataset/attacked-dataset/no-defence/preset_0/patch-rs/fpr/3390605400.png,-1,0.0
../../../../data/DIONE/work/Framework_Datasets/dataset/attacked-dataset/no-defence/preset_0/patch-rs/fpr/3228786952.png,4,0.022831750986137
../../../../data/DIONE/work/Framework_Datasets/dataset/attacked-dataset/no-defence/preset_0/patch-rs/fpr/2790138273.png,6,0.0256474501946431
../../../../data/DIONE/work/Framework_Datasets/dataset/attacked-dataset/no-defence/preset_0/patch-rs/fpr/2197636094.png,7,0.2028449129044628
../../../../data/DIONE/work/Framework_Datasets/dataset/attacked-dataset/no-defence/preset_0/patch-rs/fpr/1572804254.png,5,0.147982923999862
../../../../data/DIONE/work/Framework_Datasets/dataset/attacked-dataset/no-defence/preset_0/patch-rs/fpr/1434258458.png,7,0.2194729169089379
../../../../data/DIONE/work/Framework_Datasets/dataset/attacked-dataset/no-defence/preset_0/patch-rs/fpr/11004139923.png,8,0.2955915137736973
../../../../data/DIONE/work/Framework_Datasets/dataset/attacked-dataset/no-defence/preset_0/patch-rs/fpr/10513907744.png,7,0.0637711642067091
../../../../data/DIONE/work/Framework_Datasets/dataset/attacked-dataset/no-defence/preset_0/onepixel/fpr/3525647615.png,-1,0.0
../../../../data/DIONE/work/Framework_Datasets/dataset/attacked-dataset/no-defence/preset_0/onepixel/fpr/3395475764.png,6,0.1886070736841758
../../../../data/DIONE/work/Framework_Datasets/dataset/attacked-dataset/no-defence/preset_0/onepixel/fpr/3390605400.png,5,0.046357156326586
../../../../data/DIONE/work/Framework_Datasets/dataset/attacked-dataset/no-defence/preset_0/onepixel/fpr/3228786952.png,-1,0.0
../../../../data/DIONE/work/Framework_Datasets/dataset/attacked-dataset/no-defence/preset_0/onepixel/fpr/2790138273.png,6,0.0029212878687158
../../../../data/DIONE/work/Framework_Datasets/dataset/attacked-dataset/no-defence/preset_0/onepixel/fpr/2197636094.png,7,0.1953188825232973
../../../../data/DIONE/work/Framework_Datasets/dataset/attacked-dataset/no-defence/preset_0/onepixel/fpr/1572804254.png,5,0.0580441605986643
../../../../data/DIONE/work/Framework_Datasets/dataset/attacked-dataset/no-defence/preset_0/onepixel/fpr/1434258458.png,7,0.1758824148811935
../../../../data/DIONE/work/Framework_Datasets/dataset/attacked-dataset/no-defence/preset_0/onepixel/fpr/11004139923.png,8,0.178026559061629
../../../../data/DIONE/work/Framework_Datasets/dataset/attacked-dataset/no-defence/preset_0/onepixel/fpr/10513907744.png,7,0.1191670677114722
../../../../data/DIONE/work/Framework_Datasets/dataset/attacked-dataset/no-defence/preset_0/korhonen-et-al/fpr/1026198859.png,7,0.2078635592000901
../../../../data/DIONE/work/Framework_Datasets/dataset/attacked-dataset/no-defence/preset_0/korhonen-et-al/fpr/10244314384.png,4,0.2263771722932536
../../../../data/DIONE/work/Framework_Datasets/dataset/attacked-dataset/no-defence/preset_0/korhonen-et-al/fpr/10155925686.png,6,0.1143851245626101
../../../../data/DIONE/work/Framework_Datasets/dataset/attacked-dataset/no-defence/preset_0/korhonen-et-al/fpr/10147970884.png,7,0.2741150213418841
../../../../data/DIONE/work/Framework_Datasets/dataset/attacked-dataset/no-defence/preset_0/korhonen-et-al/fpr/10111411235.png,6,0.156499384086201
../../../../data/DIONE/work/Framework_Datasets/dataset/attacked-dataset/no-defence/preset_0/korhonen-et-al/fpr/10094235786.png,7,0.1802389290115822
../../../../data/DIONE/work/Framework_Datasets/dataset/attacked-dataset/no-defence/preset_0/korhonen-et-al/fpr/10091520555.png,4,0.1532999336649972
../../../../data/DIONE/work/Framework_Datasets/dataset/attacked-dataset/no-defence/preset_0/korhonen-et-al/fpr/10050349236.png,5,0.2239721165204706
../../../../data/DIONE/work/Framework_Datasets/dataset/attacked-dataset/no-defence/preset_0/korhonen-et-al/fpr/10031298826.png,7,0.0738486190287889
../../../../data/DIONE/work/Framework_Datasets/dataset/attacked-dataset/no-defence/preset_0/korhonen-et-al/fpr/10027582235.png,6,0.1748343587958747
../../../../data/DIONE/work/Framework_Datasets/dataset/attacked-dataset/no-defence/preset_0/grad-est/fpr/3525647615.png,8,0.0044339145208549
../../../../data/DIONE/work/Framework_Datasets/dataset/attacked-dataset/no-defence/preset_0/grad-est/fpr/3395475764.png,6,0.2012628606979105
../../../../data/DIONE/work/Framework_Datasets/dataset/attacked-dataset/no-defence/preset_0/grad-est/fpr/3390605400.png,5,0.0634083283680541
../../../../data/DIONE/work/Framework_Datasets/dataset/attacked-dataset/no-defence/preset_0/grad-est/fpr/3228786952.png,-1,0.0
../../../../data/DIONE/work/Framework_Datasets/dataset/attacked-dataset/no-defence/preset_0/grad-est/fpr/2790138273.png,6,0.0092903771962976
../../../../data/DIONE/work/Framework_Datasets/dataset/attacked-dataset/no-defence/preset_0/grad-est/fpr/2197636094.png,7,0.213364113170705
../../../../data/DIONE/work/Framework_Datasets/dataset/attacked-dataset/no-defence/preset_0/grad-est/fpr/1572804254.png,5,0.0517829843156337
../../../../data/DIONE/work/Framework_Datasets/dataset/attacked-dataset/no-defence/preset_0/grad-est/fpr/1434258458.png,7,0.1925484320822977
../../../../data/DIONE/work/Framework_Datasets/dataset/attacked-dataset/no-defence/preset_0/grad-est/fpr/11004139923.png,8,0.1748343587958747
../../../../data/DIONE/work/Framework_Datasets/dataset/attacked-dataset/no-defence/preset_0/grad-est/fpr/10513907744.png,7,0.11595590415005
../../../../data/DIONE/work/Framework_Datasets/dataset/attacked-dataset/no-defence/preset_0/cadv/fpr/1026198859.png,7,0.1258983279758888
../../../../data/DIONE/work/Framework_Datasets/dataset/attacked-dataset/no-defence/preset_0/cadv/fpr/10244314384.png,5,0.1953188825232973
../../../../data/DIONE/work/Framework_Datasets/dataset/attacked-dataset/no-defence/preset_0/cadv/fpr/10155925686.png,-1,0.0
../../../../data/DIONE/work/Framework_Datasets/dataset/attacked-dataset/no-defence/preset_0/cadv/fpr/10147970884.png,7,0.1589853151227595
../../../../data/DIONE/work/Framework_Datasets/dataset/attacked-dataset/no-defence/preset_0/cadv/fpr/10111411235.png,7,0.1458025875260623
../../../../data/DIONE/work/Framework_Datasets/dataset/attacked-dataset/no-defence/preset_0/cadv/fpr/10094235786.png,8,0.1083126722388093
../../../../data/DIONE/work/Framework_Datasets/dataset/attacked-dataset/no-defence/preset_0/cadv/fpr/10091520555.png,5,0.1191670677114722
../../../../data/DIONE/work/Framework_Datasets/dataset/attacked-dataset/no-defence/preset_0/cadv/fpr/10050349236.png,6,0.0723189210695329
../../../../data/DIONE/work/Framework_Datasets/dataset/attacked-dataset/no-defence/preset_0/cadv/fpr/10031298826.png,6,0.0056455913538274
../../../../data/DIONE/work/Framework_Datasets/dataset/attacked-dataset/no-defence/preset_0/cadv/fpr/10027582235.png,6,0.0833413210103705
